  0
SECTION
  2
HEADER
  9
$ACADVER
  1
AC1018
  9
$HANDSEED
  5
FFFFFFFF
  9
$ANGBASE
  50
0.0
  9
$ANGDIR
  70
1
  9
$MEASUREMENT
  70
1
  9
$INSUNITS
  70
4
  0
ENDSEC
  0
SECTION
  2
TABLES
  0
TABLE
  2
APPID
  5
1
330
0
100
AcDbSymbolTable
 70
1
  0
APPID
  5
2
330
1
100
AcDbSymbolTableRecord
100
AcDbRegAppTableRecord
  2
ACAD
 70
0
  0
ENDTAB
  0
TABLE
  2
LTYPE
  5
3
330
0
100
AcDbSymbolTable
 70
6
  0
LTYPE
  5
4
330
3
100
AcDbSymbolTableRecord
100
AcDbLinetypeTableRecord
  2
ByBlock
 70
0
  3

 72
65
 73
0
 40
0
  0
LTYPE
  5
5
330
3
100
AcDbSymbolTableRecord
100
AcDbLinetypeTableRecord
  2
ByLayer
 70
0
  3

 72
65
 73
0
 40
0
  0
LTYPE
  5
6
330
3
100
AcDbSymbolTableRecord
100
AcDbLinetypeTableRecord
  2
CONTINUOUS
 70
0
  3
Solid line
 72
65
 73
0
 40
0
  0
LTYPE
  5
7
330
3
100
AcDbSymbolTableRecord
100
AcDbLinetypeTableRecord
  2
DASHDOT
 70
0
  3
Dash Dot ____ _ ____ _
 72
65
 73
4
 40
2
 49
1.25
 74
0
 49
-0.25
 74
0
 49
0.25
 74
0
 49
-0.25
 74
0
  0
LTYPE
  5
8
330
3
100
AcDbSymbolTableRecord
100
AcDbLinetypeTableRecord
  2
DASHED
 70
0
  3
Dashed __ __ __ __ __
 72
65
 73
2
 40
0.75
 49
0.5
 74
0
 49
-0.25
 74
0
  0
LTYPE
  5
9
330
3
100
AcDbSymbolTableRecord
100
AcDbLinetypeTableRecord
  2
DOTTED
 70
0
  3
Dotted .  .  .  .
 72
65
 73
2
 40
0.2
 49
0.0
 74
0
 49
-0.2
 74
0
  0
ENDTAB
  0
TABLE
  2
STYLE
  5
A
330
0
100
AcDbSymbolTable
 70
4
  0
STYLE
  5
B
330
A
100
AcDbSymbolTableRecord
100
AcDbTextStyleTableRecord
  2
KICAD
 70
0
 40
0
 41
1
 42
1
 50
0
 71
0
  3
isocp.shx
  0
STYLE
  5
C
330
A
100
AcDbSymbolTableRecord
100
AcDbTextStyleTableRecord
  2
KICADB
 70
0
 40
0
 41
1
 42
1
 50
0
 71
0
  3
isocp.shx
  0
STYLE
  5
D
330
A
100
AcDbSymbolTableRecord
100
AcDbTextStyleTableRecord
  2
KICADI
 70
0
 40
0
 41
1
 42
1
 50
15
 71
0
  3
isocp.shx
  0
STYLE
  5
E
330
A
100
AcDbSymbolTableRecord
100
AcDbTextStyleTableRecord
  2
KICADBI
 70
0
 40
0
 41
1
 42
1
 50
15
 71
0
  3
isocp.shx
  0
ENDTAB
  0
TABLE
  2
LAYER
  5
F
330
0
100
AcDbSymbolTable
 70
3
  0
LAYER
  5
12
330
F
100
AcDbSymbolTableRecord
100
AcDbLayerTableRecord
  2
0
 70
0
 62
7
  6
CONTINUOUS
390
10
  0
LAYER
  5
13
330
F
100
AcDbSymbolTableRecord
100
AcDbLayerTableRecord
  2
F.Cu
 70
0
 62
13
420
13120564
  6
CONTINUOUS
390
10
  0
LAYER
  5
14
330
F
100
AcDbSymbolTableRecord
100
AcDbLayerTableRecord
  2
F.Silkscreen
 70
0
 62
41
420
15920545
  6
CONTINUOUS
390
10
  0
ENDTAB
  0
TABLE
  2
VPORT
  5
15
330
0
100
AcDbSymbolTable
 70
0
  0
ENDTAB
  0
TABLE
  2
VIEW
  5
16
330
0
100
AcDbSymbolTable
 70
0
  0
ENDTAB
  0
TABLE
  2
UCS
  5
17
330
0
100
AcDbSymbolTable
 70
0
  0
ENDTAB
  0
TABLE
  2
DIMSTYLE
  5
18
330
0
100
AcDbSymbolTable
 70
1
100
AcDbDimStyleTable
 71
0
  0
DIMSTYLE
105
19
330
18
100
AcDbSymbolTableRecord
100
AcDbDimStyleTableRecord
  2
Standard
 70
0
  0
ENDTAB
  0
TABLE
  2
BLOCK_RECORD
  5
1A
330
0
100
AcDbSymbolTable
 70
3
  0
BLOCK_RECORD
  5
1B
330
1A
100
AcDbSymbolTableRecord
100
AcDbBlockTableRecord
  2
*Model_Space
340
1E
 70
0
280
1
281
0
  0
BLOCK_RECORD
  5
1C
330
1A
100
AcDbSymbolTableRecord
100
AcDbBlockTableRecord
  2
*Paper_Space
340
1F
 70
0
280
1
281
0
  0
BLOCK_RECORD
  5
1D
330
1A
100
AcDbSymbolTableRecord
100
AcDbBlockTableRecord
  2
*Paper_Space0
340
20
 70
0
280
1
281
0
  0
ENDTAB
  0
ENDSEC
  0
SECTION
  2
BLOCKS
  0
BLOCK
  5
24
330
1B
100
AcDbEntity
  8
0
100
AcDbBlockBegin
  2
*Model_Space
 70
0
 10
0.0
 20
0.0
 30
0.0
  3
*Model_Space
  1

  0
ENDBLK
  5
23
330
1B
100
AcDbEntity
  8
0
100
AcDbBlockEnd
  0
BLOCK
  5
26
330
1C
100
AcDbEntity
 67
1
  8
0
100
AcDbBlockBegin
  2
*Paper_Space
 70
0
 10
0.0
 20
0.0
 30
0.0
  3
*Paper_Space
  1

  0
ENDBLK
  5
25
330
1C
100
AcDbEntity
 67
1
  8
0
100
AcDbBlockEnd
  0
BLOCK
  5
28
330
1D
100
AcDbEntity
 67
1
  8
0
100
AcDbBlockBegin
  2
*Paper_Space0
 70
0
 10
0.0
 20
0.0
 30
0.0
  3
*Paper_Space0
  1

  0
ENDBLK
  5
27
330
1D
100
AcDbEntity
 67
1
  8
0
100
AcDbBlockEnd
  0
ENDSEC
  0
SECTION
  2
ENTITIES
  0
LINE
  5
29
330
1B
100
AcDbEntity
  8
F.Silkscreen
  6
CONTINUOUS
100
AcDbLine
 10
35.2567899999999952
 20
-48.9303929999999951
 30
0
 11
35.4209519999999998
 21
-48.9837330000000009
 31
0
  0
LINE
  5
2A
330
1B
100
AcDbEntity
  8
F.Silkscreen
  6
CONTINUOUS
100
AcDbLine
 10
35.4209519999999998
 20
-48.9837330000000009
 30
0
 11
35.5747479999999996
 21
-49.0620959999999968
 31
0
  0
LINE
  5
2B
330
1B
100
AcDbEntity
  8
F.Silkscreen
  6
CONTINUOUS
100
AcDbLine
 10
35.5747479999999996
 20
-49.0620959999999968
 30
0
 11
35.7143930000000012
 21
-49.1635530000000003
 31
0
  0
LINE
  5
2C
330
1B
100
AcDbEntity
  8
F.Silkscreen
  6
CONTINUOUS
100
AcDbLine
 10
35.7143930000000012
 20
-49.1635530000000003
 30
0
 11
35.8364469999999997
 21
-49.2856069999999988
 31
0
  0
LINE
  5
2D
330
1B
100
AcDbEntity
  8
F.Silkscreen
  6
CONTINUOUS
100
AcDbLine
 10
35.8364469999999997
 20
-49.2856069999999988
 30
0
 11
35.9379039999999961
 21
-49.4252520000000004
 31
0
  0
LINE
  5
2E
330
1B
100
AcDbEntity
  8
F.Silkscreen
  6
CONTINUOUS
100
AcDbLine
 10
35.9379039999999961
 20
-49.4252520000000004
 30
0
 11
36.0162669999999991
 21
-49.5790480000000002
 31
0
  0
LINE
  5
2F
330
1B
100
AcDbEntity
  8
F.Silkscreen
  6
CONTINUOUS
100
AcDbLine
 10
36.0162669999999991
 20
-49.5790480000000002
 30
0
 11
36.0696069999999978
 21
-49.7432099999999977
 31
0
  0
LINE
  5
30
330
1B
100
AcDbEntity
  8
F.Silkscreen
  6
CONTINUOUS
100
AcDbLine
 10
36.0696069999999978
 20
-49.7432099999999977
 30
0
 11
36.0966090000000008
 21
-49.913694999999997
 31
0
  0
LINE
  5
31
330
1B
100
AcDbEntity
  8
F.Silkscreen
  6
CONTINUOUS
100
AcDbLine
 10
36.0966090000000008
 20
-49.913694999999997
 30
0
 11
36.0966090000000008
 21
-50.0863049999999959
 31
0
  0
LINE
  5
32
330
1B
100
AcDbEntity
  8
F.Silkscreen
  6
CONTINUOUS
100
AcDbLine
 10
36.0966090000000008
 20
-50.0863049999999959
 30
0
 11
36.0696069999999978
 21
-50.2567899999999952
 31
0
  0
LINE
  5
33
330
1B
100
AcDbEntity
  8
F.Silkscreen
  6
CONTINUOUS
100
AcDbLine
 10
36.0696069999999978
 20
-50.2567899999999952
 30
0
 11
36.0162669999999991
 21
-50.4209519999999998
 31
0
  0
LINE
  5
34
330
1B
100
AcDbEntity
  8
F.Silkscreen
  6
CONTINUOUS
100
AcDbLine
 10
36.0162669999999991
 20
-50.4209519999999998
 30
0
 11
35.9379039999999961
 21
-50.5747479999999996
 31
0
  0
LINE
  5
35
330
1B
100
AcDbEntity
  8
F.Silkscreen
  6
CONTINUOUS
100
AcDbLine
 10
35.9379039999999961
 20
-50.5747479999999996
 30
0
 11
35.8364469999999997
 21
-50.7143930000000012
 31
0
  0
LINE
  5
36
330
1B
100
AcDbEntity
  8
F.Silkscreen
  6
CONTINUOUS
100
AcDbLine
 10
35.8364469999999997
 20
-50.7143930000000012
 30
0
 11
35.7143930000000012
 21
-50.8364469999999997
 31
0
  0
LINE
  5
37
330
1B
100
AcDbEntity
  8
F.Silkscreen
  6
CONTINUOUS
100
AcDbLine
 10
35.7143930000000012
 20
-50.8364469999999997
 30
0
 11
35.5747479999999996
 21
-50.9379039999999961
 31
0
  0
LINE
  5
38
330
1B
100
AcDbEntity
  8
F.Silkscreen
  6
CONTINUOUS
100
AcDbLine
 10
35.5747479999999996
 20
-50.9379039999999961
 30
0
 11
35.4209519999999998
 21
-51.0162669999999991
 31
0
  0
LINE
  5
39
330
1B
100
AcDbEntity
  8
F.Silkscreen
  6
CONTINUOUS
100
AcDbLine
 10
35.4209519999999998
 20
-51.0162669999999991
 30
0
 11
35.2567899999999952
 21
-51.0696069999999978
 31
0
  0
LINE
  5
3A
330
1B
100
AcDbEntity
  8
F.Silkscreen
  6
CONTINUOUS
100
AcDbLine
 10
35.2567899999999952
 20
-51.0696069999999978
 30
0
 11
35.0863049999999959
 21
-51.0966090000000008
 31
0
  0
LINE
  5
3B
330
1B
100
AcDbEntity
  8
F.Silkscreen
  6
CONTINUOUS
100
AcDbLine
 10
35.0863049999999959
 20
-51.0966090000000008
 30
0
 11
34.913694999999997
 21
-51.0966090000000008
 31
0
  0
LINE
  5
3C
330
1B
100
AcDbEntity
  8
F.Silkscreen
  6
CONTINUOUS
100
AcDbLine
 10
34.913694999999997
 20
-51.0966090000000008
 30
0
 11
34.7432099999999977
 21
-51.0696069999999978
 31
0
  0
LINE
  5
3D
330
1B
100
AcDbEntity
  8
F.Silkscreen
  6
CONTINUOUS
100
AcDbLine
 10
34.7432099999999977
 20
-51.0696069999999978
 30
0
 11
34.5790480000000002
 21
-51.0162669999999991
 31
0
  0
LINE
  5
3E
330
1B
100
AcDbEntity
  8
F.Silkscreen
  6
CONTINUOUS
100
AcDbLine
 10
34.5790480000000002
 20
-51.0162669999999991
 30
0
 11
34.4252520000000004
 21
-50.9379039999999961
 31
0
  0
LINE
  5
3F
330
1B
100
AcDbEntity
  8
F.Silkscreen
  6
CONTINUOUS
100
AcDbLine
 10
34.4252520000000004
 20
-50.9379039999999961
 30
0
 11
34.2856069999999988
 21
-50.8364469999999997
 31
0
  0
LINE
  5
40
330
1B
100
AcDbEntity
  8
F.Silkscreen
  6
CONTINUOUS
100
AcDbLine
 10
34.2856069999999988
 20
-50.8364469999999997
 30
0
 11
34.1635530000000003
 21
-50.7143930000000012
 31
0
  0
LINE
  5
41
330
1B
100
AcDbEntity
  8
F.Silkscreen
  6
CONTINUOUS
100
AcDbLine
 10
34.1635530000000003
 20
-50.7143930000000012
 30
0
 11
34.0620959999999968
 21
-50.5747479999999996
 31
0
  0
LINE
  5
42
330
1B
100
AcDbEntity
  8
F.Silkscreen
  6
CONTINUOUS
100
AcDbLine
 10
34.0620959999999968
 20
-50.5747479999999996
 30
0
 11
33.9837330000000009
 21
-50.4209519999999998
 31
0
  0
LINE
  5
43
330
1B
100
AcDbEntity
  8
F.Silkscreen
  6
CONTINUOUS
100
AcDbLine
 10
33.9837330000000009
 20
-50.4209519999999998
 30
0
 11
33.9303929999999951
 21
-50.2567899999999952
 31
0
  0
LINE
  5
44
330
1B
100
AcDbEntity
  8
F.Silkscreen
  6
CONTINUOUS
100
AcDbLine
 10
33.9303929999999951
 20
-50.2567899999999952
 30
0
 11
33.9033909999999992
 21
-50.0863049999999959
 31
0
  0
LINE
  5
45
330
1B
100
AcDbEntity
  8
F.Silkscreen
  6
CONTINUOUS
100
AcDbLine
 10
33.9033909999999992
 20
-50.0863049999999959
 30
0
 11
33.9033909999999992
 21
-49.913694999999997
 31
0
  0
LINE
  5
46
330
1B
100
AcDbEntity
  8
F.Silkscreen
  6
CONTINUOUS
100
AcDbLine
 10
33.9033909999999992
 20
-49.913694999999997
 30
0
 11
33.9303929999999951
 21
-49.7432099999999977
 31
0
  0
LINE
  5
47
330
1B
100
AcDbEntity
  8
F.Silkscreen
  6
CONTINUOUS
100
AcDbLine
 10
33.9303929999999951
 20
-49.7432099999999977
 30
0
 11
33.9837330000000009
 21
-49.5790480000000002
 31
0
  0
LINE
  5
48
330
1B
100
AcDbEntity
  8
F.Silkscreen
  6
CONTINUOUS
100
AcDbLine
 10
33.9837330000000009
 20
-49.5790480000000002
 30
0
 11
34.0620959999999968
 21
-49.4252520000000004
 31
0
  0
LINE
  5
49
330
1B
100
AcDbEntity
  8
F.Silkscreen
  6
CONTINUOUS
100
AcDbLine
 10
34.0620959999999968
 20
-49.4252520000000004
 30
0
 11
34.1635530000000003
 21
-49.2856069999999988
 31
0
  0
LINE
  5
4A
330
1B
100
AcDbEntity
  8
F.Silkscreen
  6
CONTINUOUS
100
AcDbLine
 10
34.1635530000000003
 20
-49.2856069999999988
 30
0
 11
34.2856069999999988
 21
-49.1635530000000003
 31
0
  0
LINE
  5
4B
330
1B
100
AcDbEntity
  8
F.Silkscreen
  6
CONTINUOUS
100
AcDbLine
 10
34.2856069999999988
 20
-49.1635530000000003
 30
0
 11
34.4252520000000004
 21
-49.0620959999999968
 31
0
  0
LINE
  5
4C
330
1B
100
AcDbEntity
  8
F.Silkscreen
  6
CONTINUOUS
100
AcDbLine
 10
34.4252520000000004
 20
-49.0620959999999968
 30
0
 11
34.5790480000000002
 21
-48.9837330000000009
 31
0
  0
LINE
  5
4D
330
1B
100
AcDbEntity
  8
F.Silkscreen
  6
CONTINUOUS
100
AcDbLine
 10
34.5790480000000002
 20
-48.9837330000000009
 30
0
 11
34.7432099999999977
 21
-48.9303929999999951
 31
0
  0
LINE
  5
4E
330
1B
100
AcDbEntity
  8
F.Silkscreen
  6
CONTINUOUS
100
AcDbLine
 10
34.7432099999999977
 20
-48.9303929999999951
 30
0
 11
34.913694999999997
 21
-48.9033909999999992
 31
0
  0
LINE
  5
4F
330
1B
100
AcDbEntity
  8
F.Silkscreen
  6
CONTINUOUS
100
AcDbLine
 10
34.913694999999997
 20
-48.9033909999999992
 30
0
 11
35.0863049999999959
 21
-48.9033909999999992
 31
0
  0
LINE
  5
50
330
1B
100
AcDbEntity
  8
F.Silkscreen
  6
CONTINUOUS
100
AcDbLine
 10
35.0863049999999959
 20
-48.9033909999999992
 30
0
 11
35.2567899999999952
 21
-48.9303929999999951
 31
0
  0
LINE
  5
51
330
1B
100
AcDbEntity
  8
F.Silkscreen
  6
CONTINUOUS
100
AcDbLine
 10
60.0607159999999993
 20
-49.9559159999999949
 30
0
 11
60.0750399999999942
 21
-50.
 31
0
  0
LINE
  5
52
330
1B
100
AcDbEntity
  8
F.Silkscreen
  6
CONTINUOUS
100
AcDbLine
 10
60.0750399999999942
 20
-50.
 30
0
 11
60.0607119999999952
 21
-50.0440959999999961
 31
0
  0
LINE
  5
53
330
1B
100
AcDbEntity
  8
F.Silkscreen
  6
CONTINUOUS
100
AcDbLine
 10
60.0607119999999952
 20
-50.0440959999999961
 30
0
 11
60.0232019999999977
 21
-50.0713480000000004
 31
0
  0
LINE
  5
54
330
1B
100
AcDbEntity
  8
F.Silkscreen
  6
CONTINUOUS
100
AcDbLine
 10
60.0232019999999977
 20
-50.0713480000000004
 30
0
 11
59.9768380000000008
 21
-50.0713480000000004
 31
0
  0
LINE
  5
55
330
1B
100
AcDbEntity
  8
F.Silkscreen
  6
CONTINUOUS
100
AcDbLine
 10
59.9768380000000008
 20
-50.0713480000000004
 30
0
 11
59.9393279999999962
 21
-50.0440959999999961
 31
0
  0
LINE
  5
56
330
1B
100
AcDbEntity
  8
F.Silkscreen
  6
CONTINUOUS
100
AcDbLine
 10
59.9393279999999962
 20
-50.0440959999999961
 30
0
 11
59.9249999999999972
 21
-50.
 31
0
  0
LINE
  5
57
330
1B
100
AcDbEntity
  8
F.Silkscreen
  6
CONTINUOUS
100
AcDbLine
 10
59.9249999999999972
 20
-50.
 30
0
 11
59.9393239999999992
 21
-49.9559159999999949
 31
0
  0
LINE
  5
58
330
1B
100
AcDbEntity
  8
F.Silkscreen
  6
CONTINUOUS
100
AcDbLine
 10
59.9393239999999992
 20
-49.9559159999999949
 30
0
 11
59.9768240000000006
 21
-49.9286709999999943
 31
0
  0
LINE
  5
59
330
1B
100
AcDbEntity
  8
F.Silkscreen
  6
CONTINUOUS
100
AcDbLine
 10
59.9768240000000006
 20
-49.9286709999999943
 30
0
 11
60.0232159999999979
 21
-49.9286709999999943
 31
0
  0
LINE
  5
5A
330
1B
100
AcDbEntity
  8
F.Silkscreen
  6
CONTINUOUS
100
AcDbLine
 10
60.0232159999999979
 20
-49.9286709999999943
 30
0
 11
60.0607159999999993
 21
-49.9559159999999949
 31
0
  0
LINE
  5
5B
330
1B
100
AcDbEntity
  8
F.Silkscreen
  6
CONTINUOUS
100
AcDbLine
 10
45.5552909999999969
 20
-44.0204449999999952
 30
0
 11
45.6999999999999957
 21
-44.0803849999999997
 31
0
  0
LINE
  5
5C
330
1B
100
AcDbEntity
  8
F.Silkscreen
  6
CONTINUOUS
100
AcDbLine
 10
45.6999999999999957
 20
-44.0803849999999997
 30
0
 11
45.8242639999999994
 21
-44.1757360000000006
 31
0
  0
LINE
  5
5D
330
1B
100
AcDbEntity
  8
F.Silkscreen
  6
CONTINUOUS
100
AcDbLine
 10
45.8242639999999994
 20
-44.1757360000000006
 30
0
 11
45.9196150000000003
 21
-44.2999999999999972
 31
0
  0
LINE
  5
5E
330
1B
100
AcDbEntity
  8
F.Silkscreen
  6
CONTINUOUS
100
AcDbLine
 10
45.9196150000000003
 20
-44.2999999999999972
 30
0
 11
45.9795549999999977
 21
-44.444708999999996
 31
0
  0
LINE
  5
5F
330
1B
100
AcDbEntity
  8
F.Silkscreen
  6
CONTINUOUS
100
AcDbLine
 10
45.9795549999999977
 20
-44.444708999999996
 30
0
 11
46.
 21
-44.6000000000000014
 31
0
  0
LINE
  5
60
330
1B
100
AcDbEntity
  8
F.Silkscreen
  6
CONTINUOUS
100
AcDbLine
 10
46.
 20
-44.6000000000000014
 30
0
 11
46.
 21
-47.3999999999999986
 31
0
  0
LINE
  5
61
330
1B
100
AcDbEntity
  8
F.Silkscreen
  6
CONTINUOUS
100
AcDbLine
 10
46.
 20
-47.3999999999999986
 30
0
 11
45.9795549999999977
 21
-47.5552909999999969
 31
0
  0
LINE
  5
62
330
1B
100
AcDbEntity
  8
F.Silkscreen
  6
CONTINUOUS
100
AcDbLine
 10
45.9795549999999977
 20
-47.5552909999999969
 30
0
 11
45.9196150000000003
 21
-47.6999999999999957
 31
0
  0
LINE
  5
63
330
1B
100
AcDbEntity
  8
F.Silkscreen
  6
CONTINUOUS
100
AcDbLine
 10
45.9196150000000003
 20
-47.6999999999999957
 30
0
 11
45.8242639999999994
 21
-47.8242639999999994
 31
0
  0
LINE
  5
64
330
1B
100
AcDbEntity
  8
F.Silkscreen
  6
CONTINUOUS
100
AcDbLine
 10
45.8242639999999994
 20
-47.8242639999999994
 30
0
 11
45.6999999999999957
 21
-47.9196150000000003
 31
0
  0
LINE
  5
65
330
1B
100
AcDbEntity
  8
F.Silkscreen
  6
CONTINUOUS
100
AcDbLine
 10
45.6999999999999957
 20
-47.9196150000000003
 30
0
 11
45.5552909999999969
 21
-47.9795549999999977
 31
0
  0
LINE
  5
66
330
1B
100
AcDbEntity
  8
F.Silkscreen
  6
CONTINUOUS
100
AcDbLine
 10
45.5552909999999969
 20
-47.9795549999999977
 30
0
 11
45.3999999999999986
 21
-48.
 31
0
  0
LINE
  5
67
330
1B
100
AcDbEntity
  8
F.Silkscreen
  6
CONTINUOUS
100
AcDbLine
 10
45.3999999999999986
 20
-48.
 30
0
 11
40.6000000000000014
 21
-48.
 31
0
  0
LINE
  5
68
330
1B
100
AcDbEntity
  8
F.Silkscreen
  6
CONTINUOUS
100
AcDbLine
 10
40.6000000000000014
 20
-48.
 30
0
 11
40.444708999999996
 21
-47.9795549999999977
 31
0
  0
LINE
  5
69
330
1B
100
AcDbEntity
  8
F.Silkscreen
  6
CONTINUOUS
100
AcDbLine
 10
40.444708999999996
 20
-47.9795549999999977
 30
0
 11
40.2999999999999972
 21
-47.9196150000000003
 31
0
  0
LINE
  5
6A
330
1B
100
AcDbEntity
  8
F.Silkscreen
  6
CONTINUOUS
100
AcDbLine
 10
40.2999999999999972
 20
-47.9196150000000003
 30
0
 11
40.1757360000000006
 21
-47.8242639999999994
 31
0
  0
LINE
  5
6B
330
1B
100
AcDbEntity
  8
F.Silkscreen
  6
CONTINUOUS
100
AcDbLine
 10
40.1757360000000006
 20
-47.8242639999999994
 30
0
 11
40.0803849999999997
 21
-47.6999999999999957
 31
0
  0
LINE
  5
6C
330
1B
100
AcDbEntity
  8
F.Silkscreen
  6
CONTINUOUS
100
AcDbLine
 10
40.0803849999999997
 20
-47.6999999999999957
 30
0
 11
40.0204449999999952
 21
-47.5552909999999969
 31
0
  0
LINE
  5
6D
330
1B
100
AcDbEntity
  8
F.Silkscreen
  6
CONTINUOUS
100
AcDbLine
 10
40.0204449999999952
 20
-47.5552909999999969
 30
0
 11
40.
 21
-47.3999999999999986
 31
0
  0
LINE
  5
6E
330
1B
100
AcDbEntity
  8
F.Silkscreen
  6
CONTINUOUS
100
AcDbLine
 10
40.
 20
-47.3999999999999986
 30
0
 11
40.
 21
-44.6000000000000014
 31
0
  0
LINE
  5
6F
330
1B
100
AcDbEntity
  8
F.Silkscreen
  6
CONTINUOUS
100
AcDbLine
 10
40.
 20
-44.6000000000000014
 30
0
 11
40.0204449999999952
 21
-44.444708999999996
 31
0
  0
LINE
  5
70
330
1B
100
AcDbEntity
  8
F.Silkscreen
  6
CONTINUOUS
100
AcDbLine
 10
40.0204449999999952
 20
-44.444708999999996
 30
0
 11
40.0803849999999997
 21
-44.2999999999999972
 31
0
  0
LINE
  5
71
330
1B
100
AcDbEntity
  8
F.Silkscreen
  6
CONTINUOUS
100
AcDbLine
 10
40.0803849999999997
 20
-44.2999999999999972
 30
0
 11
40.1757360000000006
 21
-44.1757360000000006
 31
0
  0
LINE
  5
72
330
1B
100
AcDbEntity
  8
F.Silkscreen
  6
CONTINUOUS
100
AcDbLine
 10
40.1757360000000006
 20
-44.1757360000000006
 30
0
 11
40.2999999999999972
 21
-44.0803849999999997
 31
0
  0
LINE
  5
73
330
1B
100
AcDbEntity
  8
F.Silkscreen
  6
CONTINUOUS
100
AcDbLine
 10
40.2999999999999972
 20
-44.0803849999999997
 30
0
 11
40.444708999999996
 21
-44.0204449999999952
 31
0
  0
LINE
  5
74
330
1B
100
AcDbEntity
  8
F.Silkscreen
  6
CONTINUOUS
100
AcDbLine
 10
40.444708999999996
 20
-44.0204449999999952
 30
0
 11
40.6000000000000014
 21
-44.
 31
0
  0
LINE
  5
75
330
1B
100
AcDbEntity
  8
F.Silkscreen
  6
CONTINUOUS
100
AcDbLine
 10
40.6000000000000014
 20
-44.
 30
0
 11
45.3999999999999986
 21
-44.
 31
0
  0
LINE
  5
76
330
1B
100
AcDbEntity
  8
F.Silkscreen
  6
CONTINUOUS
100
AcDbLine
 10
45.3999999999999986
 20
-44.
 30
0
 11
45.5552909999999969
 21
-44.0204449999999952
 31
0
  0
LINE
  5
77
330
1B
100
AcDbEntity
  8
F.Silkscreen
  6
CONTINUOUS
100
AcDbLine
 10
32.5352669999999975
 20
-34.0514590000000013
 30
0
 11
32.5570629999999994
 21
-34.0814589999999953
 31
0
  0
LINE
  5
78
330
1B
100
AcDbEntity
  8
F.Silkscreen
  6
CONTINUOUS
100
AcDbLine
 10
32.5570629999999994
 20
-34.0814589999999953
 30
0
 11
32.5570629999999994
 21
-34.1185410000000005
 31
0
  0
LINE
  5
79
330
1B
100
AcDbEntity
  8
F.Silkscreen
  6
CONTINUOUS
100
AcDbLine
 10
32.5570629999999994
 20
-34.1185410000000005
 30
0
 11
32.5352669999999975
 21
-34.1485410000000016
 31
0
  0
LINE
  5
7A
330
1B
100
AcDbEntity
  8
F.Silkscreen
  6
CONTINUOUS
100
AcDbLine
 10
32.5352669999999975
 20
-34.1485410000000016
 30
0
 11
32.5
 21
-34.1599999999999966
 31
0
  0
LINE
  5
7B
330
1B
100
AcDbEntity
  8
F.Silkscreen
  6
CONTINUOUS
100
AcDbLine
 10
32.5
 20
-34.1599999999999966
 30
0
 11
32.4278890000000004
 21
-34.1599999999999966
 31
0
  0
LINE
  5
7C
330
1B
100
AcDbEntity
  8
F.Silkscreen
  6
CONTINUOUS
100
AcDbLine
 10
32.4278890000000004
 20
-34.1599999999999966
 30
0
 11
32.2872839999999997
 21
-34.1920919999999953
 31
0
  0
LINE
  5
7D
330
1B
100
AcDbEntity
  8
F.Silkscreen
  6
CONTINUOUS
100
AcDbLine
 10
32.2872839999999997
 20
-34.1920919999999953
 30
0
 11
32.1573449999999994
 21
-34.2546669999999978
 31
0
  0
LINE
  5
7E
330
1B
100
AcDbEntity
  8
F.Silkscreen
  6
CONTINUOUS
100
AcDbLine
 10
32.1573449999999994
 20
-34.2546669999999978
 30
0
 11
32.0445879999999974
 21
-34.3445880000000017
 31
0
  0
LINE
  5
7F
330
1B
100
AcDbEntity
  8
F.Silkscreen
  6
CONTINUOUS
100
AcDbLine
 10
32.0445879999999974
 20
-34.3445880000000017
 30
0
 11
31.954666999999997
 21
-34.4573449999999966
 31
0
  0
LINE
  5
80
330
1B
100
AcDbEntity
  8
F.Silkscreen
  6
CONTINUOUS
100
AcDbLine
 10
31.954666999999997
 20
-34.4573449999999966
 30
0
 11
31.8920919999999981
 21
-34.5872839999999968
 31
0
  0
LINE
  5
81
330
1B
100
AcDbEntity
  8
F.Silkscreen
  6
CONTINUOUS
100
AcDbLine
 10
31.8920919999999981
 20
-34.5872839999999968
 30
0
 11
31.8599999999999994
 21
-34.7278889999999976
 31
0
  0
LINE
  5
82
330
1B
100
AcDbEntity
  8
F.Silkscreen
  6
CONTINUOUS
100
AcDbLine
 10
31.8599999999999994
 20
-34.7278889999999976
 30
0
 11
31.8599999999999994
 21
-34.8721109999999967
 31
0
  0
LINE
  5
83
330
1B
100
AcDbEntity
  8
F.Silkscreen
  6
CONTINUOUS
100
AcDbLine
 10
31.8599999999999994
 20
-34.8721109999999967
 30
0
 11
31.8920919999999981
 21
-35.0127159999999975
 31
0
  0
LINE
  5
84
330
1B
100
AcDbEntity
  8
F.Silkscreen
  6
CONTINUOUS
100
AcDbLine
 10
31.8920919999999981
 20
-35.0127159999999975
 30
0
 11
31.954666999999997
 21
-35.1426549999999978
 31
0
  0
LINE
  5
85
330
1B
100
AcDbEntity
  8
F.Silkscreen
  6
CONTINUOUS
100
AcDbLine
 10
31.954666999999997
 20
-35.1426549999999978
 30
0
 11
32.0445879999999974
 21
-35.2554119999999998
 31
0
  0
LINE
  5
86
330
1B
100
AcDbEntity
  8
F.Silkscreen
  6
CONTINUOUS
100
AcDbLine
 10
32.0445879999999974
 20
-35.2554119999999998
 30
0
 11
32.1573449999999994
 21
-35.3453329999999966
 31
0
  0
LINE
  5
87
330
1B
100
AcDbEntity
  8
F.Silkscreen
  6
CONTINUOUS
100
AcDbLine
 10
32.1573449999999994
 20
-35.3453329999999966
 30
0
 11
32.2872839999999997
 21
-35.407907999999999
 31
0
  0
LINE
  5
88
330
1B
100
AcDbEntity
  8
F.Silkscreen
  6
CONTINUOUS
100
AcDbLine
 10
32.2872839999999997
 20
-35.407907999999999
 30
0
 11
32.4278890000000004
 21
-35.4399999999999977
 31
0
  0
LINE
  5
89
330
1B
100
AcDbEntity
  8
F.Silkscreen
  6
CONTINUOUS
100
AcDbLine
 10
32.4278890000000004
 20
-35.4399999999999977
 30
0
 11
32.5
 21
-35.4399999999999977
 31
0
  0
LINE
  5
8A
330
1B
100
AcDbEntity
  8
F.Silkscreen
  6
CONTINUOUS
100
AcDbLine
 10
32.5
 20
-35.4399999999999977
 30
0
 11
32.5352669999999975
 21
-35.4514589999999998
 31
0
  0
LINE
  5
8B
330
1B
100
AcDbEntity
  8
F.Silkscreen
  6
CONTINUOUS
100
AcDbLine
 10
32.5352669999999975
 20
-35.4514589999999998
 30
0
 11
32.5570629999999994
 21
-35.481459000000001
 31
0
  0
LINE
  5
8C
330
1B
100
AcDbEntity
  8
F.Silkscreen
  6
CONTINUOUS
100
AcDbLine
 10
32.5570629999999994
 20
-35.481459000000001
 30
0
 11
32.5570629999999994
 21
-35.518540999999999
 31
0
  0
LINE
  5
8D
330
1B
100
AcDbEntity
  8
F.Silkscreen
  6
CONTINUOUS
100
AcDbLine
 10
32.5570629999999994
 20
-35.518540999999999
 30
0
 11
32.5352669999999975
 21
-35.5485410000000002
 31
0
  0
LINE
  5
8E
330
1B
100
AcDbEntity
  8
F.Silkscreen
  6
CONTINUOUS
100
AcDbLine
 10
32.5352669999999975
 20
-35.5485410000000002
 30
0
 11
32.5
 21
-35.5599999999999952
 31
0
  0
LINE
  5
8F
330
1B
100
AcDbEntity
  8
F.Silkscreen
  6
CONTINUOUS
100
AcDbLine
 10
32.5
 20
-35.5599999999999952
 30
0
 11
32.341986999999996
 21
-35.5433919999999972
 31
0
  0
LINE
  5
90
330
1B
100
AcDbEntity
  8
F.Silkscreen
  6
CONTINUOUS
100
AcDbLine
 10
32.341986999999996
 20
-35.5433919999999972
 30
0
 11
32.1908799999999999
 21
-35.494295000000001
 31
0
  0
LINE
  5
91
330
1B
100
AcDbEntity
  8
F.Silkscreen
  6
CONTINUOUS
100
AcDbLine
 10
32.1908799999999999
 20
-35.494295000000001
 30
0
 11
32.0532830000000004
 21
-35.4148530000000008
 31
0
  0
LINE
  5
92
330
1B
100
AcDbEntity
  8
F.Silkscreen
  6
CONTINUOUS
100
AcDbLine
 10
32.0532830000000004
 20
-35.4148530000000008
 30
0
 11
31.9352099999999979
 21
-35.3085389999999961
 31
0
  0
LINE
  5
93
330
1B
100
AcDbEntity
  8
F.Silkscreen
  6
CONTINUOUS
100
AcDbLine
 10
31.9352099999999979
 20
-35.3085389999999961
 30
0
 11
31.8418209999999995
 21
-35.1799999999999997
 31
0
  0
LINE
  5
94
330
1B
100
AcDbEntity
  8
F.Silkscreen
  6
CONTINUOUS
100
AcDbLine
 10
31.8418209999999995
 20
-35.1799999999999997
 30
0
 11
31.7771969999999975
 21
-35.0348529999999982
 31
0
  0
LINE
  5
95
330
1B
100
AcDbEntity
  8
F.Silkscreen
  6
CONTINUOUS
100
AcDbLine
 10
31.7771969999999975
 20
-35.0348529999999982
 30
0
 11
31.7441629999999968
 21
-34.8794419999999974
 31
0
  0
LINE
  5
96
330
1B
100
AcDbEntity
  8
F.Silkscreen
  6
CONTINUOUS
100
AcDbLine
 10
31.7441629999999968
 20
-34.8794419999999974
 30
0
 11
31.7441629999999968
 21
-34.7205579999999969
 31
0
  0
LINE
  5
97
330
1B
100
AcDbEntity
  8
F.Silkscreen
  6
CONTINUOUS
100
AcDbLine
 10
31.7441629999999968
 20
-34.7205579999999969
 30
0
 11
31.7771969999999975
 21
-34.5651469999999961
 31
0
  0
LINE
  5
98
330
1B
100
AcDbEntity
  8
F.Silkscreen
  6
CONTINUOUS
100
AcDbLine
 10
31.7771969999999975
 20
-34.5651469999999961
 30
0
 11
31.8418209999999995
 21
-34.4200000000000017
 31
0
  0
LINE
  5
99
330
1B
100
AcDbEntity
  8
F.Silkscreen
  6
CONTINUOUS
100
AcDbLine
 10
31.8418209999999995
 20
-34.4200000000000017
 30
0
 11
31.9352099999999979
 21
-34.2914609999999982
 31
0
  0
LINE
  5
9A
330
1B
100
AcDbEntity
  8
F.Silkscreen
  6
CONTINUOUS
100
AcDbLine
 10
31.9352099999999979
 20
-34.2914609999999982
 30
0
 11
32.0532830000000004
 21
-34.1851470000000006
 31
0
  0
LINE
  5
9B
330
1B
100
AcDbEntity
  8
F.Silkscreen
  6
CONTINUOUS
100
AcDbLine
 10
32.0532830000000004
 20
-34.1851470000000006
 30
0
 11
32.1908799999999999
 21
-34.1057050000000004
 31
0
  0
LINE
  5
9C
330
1B
100
AcDbEntity
  8
F.Silkscreen
  6
CONTINUOUS
100
AcDbLine
 10
32.1908799999999999
 20
-34.1057050000000004
 30
0
 11
32.341986999999996
 21
-34.0566079999999971
 31
0
  0
LINE
  5
9D
330
1B
100
AcDbEntity
  8
F.Silkscreen
  6
CONTINUOUS
100
AcDbLine
 10
32.341986999999996
 20
-34.0566079999999971
 30
0
 11
32.5
 21
-34.0399999999999991
 31
0
  0
LINE
  5
9E
330
1B
100
AcDbEntity
  8
F.Silkscreen
  6
CONTINUOUS
100
AcDbLine
 10
32.5
 20
-34.0399999999999991
 30
0
 11
32.5352669999999975
 21
-34.0514590000000013
 31
0
  0
LINE
  5
9F
330
1B
100
AcDbEntity
  8
F.Silkscreen
  6
CONTINUOUS
100
AcDbLine
 10
48.714303000000001
 20
-34.4826270000000008
 30
0
 11
48.8409059999999968
 21
-34.5557219999999958
 31
0
  0
LINE
  5
A0
330
1B
100
AcDbEntity
  8
F.Silkscreen
  6
CONTINUOUS
100
AcDbLine
 10
48.8409059999999968
 20
-34.5557219999999958
 30
0
 11
48.9442779999999971
 21
-34.6590939999999961
 31
0
  0
LINE
  5
A1
330
1B
100
AcDbEntity
  8
F.Silkscreen
  6
CONTINUOUS
100
AcDbLine
 10
48.9442779999999971
 20
-34.6590939999999961
 30
0
 11
49.0173729999999992
 21
-34.785696999999999
 31
0
  0
LINE
  5
A2
330
1B
100
AcDbEntity
  8
F.Silkscreen
  6
CONTINUOUS
100
AcDbLine
 10
49.0173729999999992
 20
-34.785696999999999
 30
0
 11
49.0552089999999978
 21
-34.9269049999999979
 31
0
  0
LINE
  5
A3
330
1B
100
AcDbEntity
  8
F.Silkscreen
  6
CONTINUOUS
100
AcDbLine
 10
49.0552089999999978
 20
-34.9269049999999979
 30
0
 11
49.0552089999999978
 21
-35.073094999999995
 31
0
  0
LINE
  5
A4
330
1B
100
AcDbEntity
  8
F.Silkscreen
  6
CONTINUOUS
100
AcDbLine
 10
49.0552089999999978
 20
-35.073094999999995
 30
0
 11
49.0173729999999992
 21
-35.214303000000001
 31
0
  0
LINE
  5
A5
330
1B
100
AcDbEntity
  8
F.Silkscreen
  6
CONTINUOUS
100
AcDbLine
 10
49.0173729999999992
 20
-35.214303000000001
 30
0
 11
48.9442779999999971
 21
-35.3409059999999968
 31
0
  0
LINE
  5
A6
330
1B
100
AcDbEntity
  8
F.Silkscreen
  6
CONTINUOUS
100
AcDbLine
 10
48.9442779999999971
 20
-35.3409059999999968
 30
0
 11
48.8409059999999968
 21
-35.4442779999999971
 31
0
  0
LINE
  5
A7
330
1B
100
AcDbEntity
  8
F.Silkscreen
  6
CONTINUOUS
100
AcDbLine
 10
48.8409059999999968
 20
-35.4442779999999971
 30
0
 11
48.714303000000001
 21
-35.5173729999999992
 31
0
  0
LINE
  5
A8
330
1B
100
AcDbEntity
  8
F.Silkscreen
  6
CONTINUOUS
100
AcDbLine
 10
48.714303000000001
 20
-35.5173729999999992
 30
0
 11
48.573094999999995
 21
-35.5552089999999978
 31
0
  0
LINE
  5
A9
330
1B
100
AcDbEntity
  8
F.Silkscreen
  6
CONTINUOUS
100
AcDbLine
 10
48.573094999999995
 20
-35.5552089999999978
 30
0
 11
48.4269049999999979
 21
-35.5552089999999978
 31
0
  0
LINE
  5
AA
330
1B
100
AcDbEntity
  8
F.Silkscreen
  6
CONTINUOUS
100
AcDbLine
 10
48.4269049999999979
 20
-35.5552089999999978
 30
0
 11
48.285696999999999
 21
-35.5173729999999992
 31
0
  0
LINE
  5
AB
330
1B
100
AcDbEntity
  8
F.Silkscreen
  6
CONTINUOUS
100
AcDbLine
 10
48.285696999999999
 20
-35.5173729999999992
 30
0
 11
48.1590939999999961
 21
-35.4442779999999971
 31
0
  0
LINE
  5
AC
330
1B
100
AcDbEntity
  8
F.Silkscreen
  6
CONTINUOUS
100
AcDbLine
 10
48.1590939999999961
 20
-35.4442779999999971
 30
0
 11
48.0557219999999958
 21
-35.3409059999999968
 31
0
  0
LINE
  5
AD
330
1B
100
AcDbEntity
  8
F.Silkscreen
  6
CONTINUOUS
100
AcDbLine
 10
48.0557219999999958
 20
-35.3409059999999968
 30
0
 11
47.9826270000000008
 21
-35.214303000000001
 31
0
  0
LINE
  5
AE
330
1B
100
AcDbEntity
  8
F.Silkscreen
  6
CONTINUOUS
100
AcDbLine
 10
47.9826270000000008
 20
-35.214303000000001
 30
0
 11
47.9447909999999951
 21
-35.073094999999995
 31
0
  0
LINE
  5
AF
330
1B
100
AcDbEntity
  8
F.Silkscreen
  6
CONTINUOUS
100
AcDbLine
 10
47.9447909999999951
 20
-35.073094999999995
 30
0
 11
47.9447909999999951
 21
-34.9420730000000006
 31
0
  0
LINE
  5
B0
330
1B
100
AcDbEntity
  8
F.Silkscreen
  6
CONTINUOUS
100
AcDbLine
 10
47.9447909999999951
 20
-34.9420730000000006
 30
0
 11
47.9447909999999951
 21
-34.9269049999999979
 31
0
  0
LINE
  5
B1
330
1B
100
AcDbEntity
  8
F.Silkscreen
  6
CONTINUOUS
100
AcDbLine
 10
47.9447909999999951
 20
-34.9269049999999979
 30
0
 11
47.9826270000000008
 21
-34.785696999999999
 31
0
  0
LINE
  5
B2
330
1B
100
AcDbEntity
  8
F.Silkscreen
  6
CONTINUOUS
100
AcDbLine
 10
47.9826270000000008
 20
-34.785696999999999
 30
0
 11
48.0557219999999958
 21
-34.6590939999999961
 31
0
  0
LINE
  5
B3
330
1B
100
AcDbEntity
  8
F.Silkscreen
  6
CONTINUOUS
100
AcDbLine
 10
48.0557219999999958
 20
-34.6590939999999961
 30
0
 11
48.1590939999999961
 21
-34.5557219999999958
 31
0
  0
LINE
  5
B4
330
1B
100
AcDbEntity
  8
F.Silkscreen
  6
CONTINUOUS
100
AcDbLine
 10
48.1590939999999961
 20
-34.5557219999999958
 30
0
 11
48.285696999999999
 21
-34.4826270000000008
 31
0
  0
LINE
  5
B5
330
1B
100
AcDbEntity
  8
F.Silkscreen
  6
CONTINUOUS
100
AcDbLine
 10
48.285696999999999
 20
-34.4826270000000008
 30
0
 11
48.4269049999999979
 21
-34.4447909999999951
 31
0
  0
LINE
  5
B6
330
1B
100
AcDbEntity
  8
F.Silkscreen
  6
CONTINUOUS
100
AcDbLine
 10
48.4269049999999979
 20
-34.4447909999999951
 30
0
 11
48.573094999999995
 21
-34.4447909999999951
 31
0
  0
LINE
  5
B7
330
1B
100
AcDbEntity
  8
F.Silkscreen
  6
CONTINUOUS
100
AcDbLine
 10
48.573094999999995
 20
-34.4447909999999951
 30
0
 11
48.714303000000001
 21
-34.4826270000000008
 31
0
  0
LINE
  5
B8
330
1B
100
AcDbEntity
  8
F.Silkscreen
  6
CONTINUOUS
100
AcDbLine
 10
48.0599999999999952
 20
-35.0579269999999994
 30
0
 11
48.0899849999999986
 21
-35.1698340000000016
 31
0
  0
LINE
  5
B9
330
1B
100
AcDbEntity
  8
F.Silkscreen
  6
CONTINUOUS
100
AcDbLine
 10
48.0899849999999986
 20
-35.1698340000000016
 30
0
 11
48.147911999999998
 21
-35.2701659999999961
 31
0
  0
LINE
  5
BA
330
1B
100
AcDbEntity
  8
F.Silkscreen
  6
CONTINUOUS
100
AcDbLine
 10
48.147911999999998
 20
-35.2701659999999961
 30
0
 11
48.2298339999999968
 21
-35.3520879999999948
 31
0
  0
LINE
  5
BB
330
1B
100
AcDbEntity
  8
F.Silkscreen
  6
CONTINUOUS
100
AcDbLine
 10
48.2298339999999968
 20
-35.3520879999999948
 30
0
 11
48.3301659999999984
 21
-35.4100150000000014
 31
0
  0
LINE
  5
BC
330
1B
100
AcDbEntity
  8
F.Silkscreen
  6
CONTINUOUS
100
AcDbLine
 10
48.3301659999999984
 20
-35.4100150000000014
 30
0
 11
48.4420730000000006
 21
-35.4399999999999977
 31
0
  0
LINE
  5
BD
330
1B
100
AcDbEntity
  8
F.Silkscreen
  6
CONTINUOUS
100
AcDbLine
 10
48.4420730000000006
 20
-35.4399999999999977
 30
0
 11
48.5579269999999994
 21
-35.4399999999999977
 31
0
  0
LINE
  5
BE
330
1B
100
AcDbEntity
  8
F.Silkscreen
  6
CONTINUOUS
100
AcDbLine
 10
48.5579269999999994
 20
-35.4399999999999977
 30
0
 11
48.6698339999999945
 21
-35.4100150000000014
 31
0
  0
LINE
  5
BF
330
1B
100
AcDbEntity
  8
F.Silkscreen
  6
CONTINUOUS
100
AcDbLine
 10
48.6698339999999945
 20
-35.4100150000000014
 30
0
 11
48.7701659999999961
 21
-35.3520879999999948
 31
0
  0
LINE
  5
C0
330
1B
100
AcDbEntity
  8
F.Silkscreen
  6
CONTINUOUS
100
AcDbLine
 10
48.7701659999999961
 20
-35.3520879999999948
 30
0
 11
48.8520879999999948
 21
-35.2701659999999961
 31
0
  0
LINE
  5
C1
330
1B
100
AcDbEntity
  8
F.Silkscreen
  6
CONTINUOUS
100
AcDbLine
 10
48.8520879999999948
 20
-35.2701659999999961
 30
0
 11
48.9100149999999942
 21
-35.1698340000000016
 31
0
  0
LINE
  5
C2
330
1B
100
AcDbEntity
  8
F.Silkscreen
  6
CONTINUOUS
100
AcDbLine
 10
48.9100149999999942
 20
-35.1698340000000016
 30
0
 11
48.9399999999999977
 21
-35.0579269999999994
 31
0
  0
LINE
  5
C3
330
1B
100
AcDbEntity
  8
F.Silkscreen
  6
CONTINUOUS
100
AcDbLine
 10
48.9399999999999977
 20
-35.0579269999999994
 30
0
 11
48.9399999999999977
 21
-34.9420730000000006
 31
0
  0
LINE
  5
C4
330
1B
100
AcDbEntity
  8
F.Silkscreen
  6
CONTINUOUS
100
AcDbLine
 10
48.9399999999999977
 20
-34.9420730000000006
 30
0
 11
48.9100149999999942
 21
-34.8301659999999984
 31
0
  0
LINE
  5
C5
330
1B
100
AcDbEntity
  8
F.Silkscreen
  6
CONTINUOUS
100
AcDbLine
 10
48.9100149999999942
 20
-34.8301659999999984
 30
0
 11
48.8520879999999948
 21
-34.7298339999999968
 31
0
  0
LINE
  5
C6
330
1B
100
AcDbEntity
  8
F.Silkscreen
  6
CONTINUOUS
100
AcDbLine
 10
48.8520879999999948
 20
-34.7298339999999968
 30
0
 11
48.7701659999999961
 21
-34.647911999999998
 31
0
  0
LINE
  5
C7
330
1B
100
AcDbEntity
  8
F.Silkscreen
  6
CONTINUOUS
100
AcDbLine
 10
48.7701659999999961
 20
-34.647911999999998
 30
0
 11
48.6698339999999945
 21
-34.5899849999999986
 31
0
  0
LINE
  5
C8
330
1B
100
AcDbEntity
  8
F.Silkscreen
  6
CONTINUOUS
100
AcDbLine
 10
48.6698339999999945
 20
-34.5899849999999986
 30
0
 11
48.5579269999999994
 21
-34.5599999999999952
 31
0
  0
LINE
  5
C9
330
1B
100
AcDbEntity
  8
F.Silkscreen
  6
CONTINUOUS
100
AcDbLine
 10
48.5579269999999994
 20
-34.5599999999999952
 30
0
 11
48.4420730000000006
 21
-34.5599999999999952
 31
0
  0
LINE
  5
CA
330
1B
100
AcDbEntity
  8
F.Silkscreen
  6
CONTINUOUS
100
AcDbLine
 10
48.4420730000000006
 20
-34.5599999999999952
 30
0
 11
48.3301659999999984
 21
-34.5899849999999986
 31
0
  0
LINE
  5
CB
330
1B
100
AcDbEntity
  8
F.Silkscreen
  6
CONTINUOUS
100
AcDbLine
 10
48.3301659999999984
 20
-34.5899849999999986
 30
0
 11
48.2298339999999968
 21
-34.647911999999998
 31
0
  0
LINE
  5
CC
330
1B
100
AcDbEntity
  8
F.Silkscreen
  6
CONTINUOUS
100
AcDbLine
 10
48.2298339999999968
 20
-34.647911999999998
 30
0
 11
48.147911999999998
 21
-34.7298339999999968
 31
0
  0
LINE
  5
CD
330
1B
100
AcDbEntity
  8
F.Silkscreen
  6
CONTINUOUS
100
AcDbLine
 10
48.147911999999998
 20
-34.7298339999999968
 30
0
 11
48.0899849999999986
 21
-34.8301659999999984
 31
0
  0
LINE
  5
CE
330
1B
100
AcDbEntity
  8
F.Silkscreen
  6
CONTINUOUS
100
AcDbLine
 10
48.0899849999999986
 20
-34.8301659999999984
 30
0
 11
48.0599999999999952
 21
-34.9420730000000006
 31
0
  0
LINE
  5
CF
330
1B
100
AcDbEntity
  8
F.Silkscreen
  6
CONTINUOUS
100
AcDbLine
 10
48.0599999999999952
 20
-34.9420730000000006
 30
0
 11
48.0599999999999952
 21
-35.0579269999999994
 31
0
  0
LINE
  5
D0
330
1B
100
AcDbEntity
  8
F.Silkscreen
  6
CONTINUOUS
100
AcDbLine
 10
57.1765089999999958
 20
-30.2590620000000001
 30
0
 11
57.1784839999999974
 21
-30.2589219999999983
 31
0
  0
LINE
  5
D1
330
1B
100
AcDbEntity
  8
F.Silkscreen
  6
CONTINUOUS
100
AcDbLine
 10
57.1784839999999974
 20
-30.2589219999999983
 30
0
 11
57.1810809999999989
 21
-30.2595119999999973
 31
0
  0
LINE
  5
D2
330
1B
100
AcDbEntity
  8
F.Silkscreen
  6
CONTINUOUS
100
AcDbLine
 10
57.1810809999999989
 20
-30.2595119999999973
 30
0
 11
57.1837359999999961
 21
-30.2597740000000002
 31
0
  0
LINE
  5
D3
330
1B
100
AcDbEntity
  8
F.Silkscreen
  6
CONTINUOUS
100
AcDbLine
 10
57.1837359999999961
 20
-30.2597740000000002
 30
0
 11
57.1855669999999989
 21
-30.2605319999999978
 31
0
  0
LINE
  5
D4
330
1B
100
AcDbEntity
  8
F.Silkscreen
  6
CONTINUOUS
100
AcDbLine
 10
57.1855669999999989
 20
-30.2605319999999978
 30
0
 11
57.192820999999995
 21
-30.2621819999999992
 31
0
  0
LINE
  5
D5
330
1B
100
AcDbEntity
  8
F.Silkscreen
  6
CONTINUOUS
100
AcDbLine
 10
57.192820999999995
 20
-30.2621819999999992
 30
0
 11
57.3356779999999944
 21
-30.3098010000000002
 31
0
  0
LINE
  5
D6
330
1B
100
AcDbEntity
  8
F.Silkscreen
  6
CONTINUOUS
100
AcDbLine
 10
57.3356779999999944
 20
-30.3098010000000002
 30
0
 11
57.3491029999999995
 21
-30.3157949999999978
 31
0
  0
LINE
  5
D7
330
1B
100
AcDbEntity
  8
F.Silkscreen
  6
CONTINUOUS
100
AcDbLine
 10
57.3491029999999995
 20
-30.3157949999999978
 30
0
 11
57.3511369999999943
 21
-30.3175589999999993
 31
0
  0
LINE
  5
D8
330
1B
100
AcDbEntity
  8
F.Silkscreen
  6
CONTINUOUS
100
AcDbLine
 10
57.3511369999999943
 20
-30.3175589999999993
 30
0
 11
57.3536280000000005
 21
-30.3185909999999978
 31
0
  0
LINE
  5
D9
330
1B
100
AcDbEntity
  8
F.Silkscreen
  6
CONTINUOUS
100
AcDbLine
 10
57.3536280000000005
 20
-30.3185909999999978
 30
0
 11
57.3649939999999958
 21
-30.3279189999999979
 31
0
  0
LINE
  5
DA
330
1B
100
AcDbEntity
  8
F.Silkscreen
  6
CONTINUOUS
100
AcDbLine
 10
57.3649939999999958
 20
-30.3279189999999979
 30
0
 11
57.4602329999999952
 21
-30.4231569999999998
 31
0
  0
LINE
  5
DB
330
1B
100
AcDbEntity
  8
F.Silkscreen
  6
CONTINUOUS
100
AcDbLine
 10
57.4602329999999952
 20
-30.4231569999999998
 30
0
 11
57.4695609999999988
 21
-30.4345219999999976
 31
0
  0
LINE
  5
DC
330
1B
100
AcDbEntity
  8
F.Silkscreen
  6
CONTINUOUS
100
AcDbLine
 10
57.4695609999999988
 20
-30.4345219999999976
 30
0
 11
57.4705919999999963
 21
-30.4370119999999993
 31
0
  0
LINE
  5
DD
330
1B
100
AcDbEntity
  8
F.Silkscreen
  6
CONTINUOUS
100
AcDbLine
 10
57.4705919999999963
 20
-30.4370119999999993
 30
0
 11
57.4723569999999953
 21
-30.4390469999999986
 31
0
  0
LINE
  5
DE
330
1B
100
AcDbEntity
  8
F.Silkscreen
  6
CONTINUOUS
100
AcDbLine
 10
57.4723569999999953
 20
-30.4390469999999986
 30
0
 11
57.4783509999999964
 21
-30.4524729999999977
 31
0
  0
LINE
  5
DF
330
1B
100
AcDbEntity
  8
F.Silkscreen
  6
CONTINUOUS
100
AcDbLine
 10
57.4783509999999964
 20
-30.4524729999999977
 30
0
 11
57.5259700000000009
 21
-30.5953289999999996
 31
0
  0
LINE
  5
E0
330
1B
100
AcDbEntity
  8
F.Silkscreen
  6
CONTINUOUS
100
AcDbLine
 10
57.5259700000000009
 20
-30.5953289999999996
 30
0
 11
57.5276189999999943
 21
-30.6025840000000002
 31
0
  0
LINE
  5
E1
330
1B
100
AcDbEntity
  8
F.Silkscreen
  6
CONTINUOUS
100
AcDbLine
 10
57.5276189999999943
 20
-30.6025840000000002
 30
0
 11
57.5283779999999965
 21
-30.6044149999999995
 31
0
  0
LINE
  5
E2
330
1B
100
AcDbEntity
  8
F.Silkscreen
  6
CONTINUOUS
100
AcDbLine
 10
57.5283779999999965
 20
-30.6044149999999995
 30
0
 11
57.5286389999999983
 21
-30.6070679999999982
 31
0
  0
LINE
  5
E3
330
1B
100
AcDbEntity
  8
F.Silkscreen
  6
CONTINUOUS
100
AcDbLine
 10
57.5286389999999983
 20
-30.6070679999999982
 30
0
 11
57.5292299999999983
 21
-30.6096659999999972
 31
0
  0
LINE
  5
E4
330
1B
100
AcDbEntity
  8
F.Silkscreen
  6
CONTINUOUS
100
AcDbLine
 10
57.5292299999999983
 20
-30.6096659999999972
 30
0
 11
57.529088999999999
 21
-30.6116399999999977
 31
0
  0
LINE
  5
E5
330
1B
100
AcDbEntity
  8
F.Silkscreen
  6
CONTINUOUS
100
AcDbLine
 10
57.529088999999999
 20
-30.6116399999999977
 30
0
 11
57.5298189999999963
 21
-30.6190469999999983
 31
0
  0
LINE
  5
E6
330
1B
100
AcDbEntity
  8
F.Silkscreen
  6
CONTINUOUS
100
AcDbLine
 10
57.5298189999999963
 20
-30.6190469999999983
 30
0
 11
57.5298189999999963
 21
-30.7142850000000003
 31
0
  0
LINE
  5
E7
330
1B
100
AcDbEntity
  8
F.Silkscreen
  6
CONTINUOUS
100
AcDbLine
 10
57.5298189999999963
 20
-30.7142850000000003
 30
0
 11
57.5283779999999965
 21
-30.7289169999999991
 31
0
  0
LINE
  5
E8
330
1B
100
AcDbEntity
  8
F.Silkscreen
  6
CONTINUOUS
100
AcDbLine
 10
57.5283779999999965
 20
-30.7289169999999991
 30
0
 11
57.5171789999999987
 21
-30.7559529999999981
 31
0
  0
LINE
  5
E9
330
1B
100
AcDbEntity
  8
F.Silkscreen
  6
CONTINUOUS
100
AcDbLine
 10
57.5171789999999987
 20
-30.7559529999999981
 30
0
 11
57.4964869999999948
 21
-30.7766449999999985
 31
0
  0
LINE
  5
EA
330
1B
100
AcDbEntity
  8
F.Silkscreen
  6
CONTINUOUS
100
AcDbLine
 10
57.4964869999999948
 20
-30.7766449999999985
 30
0
 11
57.4694509999999994
 21
-30.7878439999999998
 31
0
  0
LINE
  5
EB
330
1B
100
AcDbEntity
  8
F.Silkscreen
  6
CONTINUOUS
100
AcDbLine
 10
57.4694509999999994
 20
-30.7878439999999998
 30
0
 11
57.4401869999999946
 21
-30.7878439999999998
 31
0
  0
LINE
  5
EC
330
1B
100
AcDbEntity
  8
F.Silkscreen
  6
CONTINUOUS
100
AcDbLine
 10
57.4401869999999946
 20
-30.7878439999999998
 30
0
 11
57.4131509999999992
 21
-30.7766449999999985
 31
0
  0
LINE
  5
ED
330
1B
100
AcDbEntity
  8
F.Silkscreen
  6
CONTINUOUS
100
AcDbLine
 10
57.4131509999999992
 20
-30.7766449999999985
 30
0
 11
57.3924589999999952
 21
-30.7559529999999981
 31
0
  0
LINE
  5
EE
330
1B
100
AcDbEntity
  8
F.Silkscreen
  6
CONTINUOUS
100
AcDbLine
 10
57.3924589999999952
 20
-30.7559529999999981
 30
0
 11
57.3812599999999975
 21
-30.7289169999999991
 31
0
  0
LINE
  5
EF
330
1B
100
AcDbEntity
  8
F.Silkscreen
  6
CONTINUOUS
100
AcDbLine
 10
57.3812599999999975
 20
-30.7289169999999991
 30
0
 11
57.3798189999999977
 21
-30.7142850000000003
 31
0
  0
LINE
  5
F0
330
1B
100
AcDbEntity
  8
F.Silkscreen
  6
CONTINUOUS
100
AcDbLine
 10
57.3798189999999977
 20
-30.7142850000000003
 30
0
 11
57.3798189999999977
 21
-30.6312169999999995
 31
0
  0
LINE
  5
F1
330
1B
100
AcDbEntity
  8
F.Silkscreen
  6
CONTINUOUS
100
AcDbLine
 10
57.3798189999999977
 20
-30.6312169999999995
 30
0
 11
57.3416479999999993
 21
-30.5167039999999972
 31
0
  0
LINE
  5
F2
330
1B
100
AcDbEntity
  8
F.Silkscreen
  6
CONTINUOUS
100
AcDbLine
 10
57.3416479999999993
 20
-30.5167039999999972
 30
0
 11
57.2714469999999949
 21
-30.4465039999999973
 31
0
  0
LINE
  5
F3
330
1B
100
AcDbEntity
  8
F.Silkscreen
  6
CONTINUOUS
100
AcDbLine
 10
57.2714469999999949
 20
-30.4465039999999973
 30
0
 11
57.1569339999999997
 21
-30.4083329999999989
 31
0
  0
LINE
  5
F4
330
1B
100
AcDbEntity
  8
F.Silkscreen
  6
CONTINUOUS
100
AcDbLine
 10
57.1569339999999997
 20
-30.4083329999999989
 30
0
 11
56.4548190000000005
 21
-30.4083329999999989
 31
0
  0
LINE
  5
F5
330
1B
100
AcDbEntity
  8
F.Silkscreen
  6
CONTINUOUS
100
AcDbLine
 10
56.4548190000000005
 20
-30.4083329999999989
 30
0
 11
56.4401869999999946
 21
-30.4068919999999991
 31
0
  0
LINE
  5
F6
330
1B
100
AcDbEntity
  8
F.Silkscreen
  6
CONTINUOUS
100
AcDbLine
 10
56.4401869999999946
 20
-30.4068919999999991
 30
0
 11
56.4131509999999992
 21
-30.3956929999999979
 31
0
  0
LINE
  5
F7
330
1B
100
AcDbEntity
  8
F.Silkscreen
  6
CONTINUOUS
100
AcDbLine
 10
56.4131509999999992
 20
-30.3956929999999979
 30
0
 11
56.3924589999999952
 21
-30.3750009999999975
 31
0
  0
LINE
  5
F8
330
1B
100
AcDbEntity
  8
F.Silkscreen
  6
CONTINUOUS
100
AcDbLine
 10
56.3924589999999952
 20
-30.3750009999999975
 30
0
 11
56.3812599999999975
 21
-30.3479649999999985
 31
0
  0
LINE
  5
F9
330
1B
100
AcDbEntity
  8
F.Silkscreen
  6
CONTINUOUS
100
AcDbLine
 10
56.3812599999999975
 20
-30.3479649999999985
 30
0
 11
56.3812599999999975
 21
-30.3187009999999972
 31
0
  0
LINE
  5
FA
330
1B
100
AcDbEntity
  8
F.Silkscreen
  6
CONTINUOUS
100
AcDbLine
 10
56.3812599999999975
 20
-30.3187009999999972
 30
0
 11
56.3924589999999952
 21
-30.2916649999999983
 31
0
  0
LINE
  5
FB
330
1B
100
AcDbEntity
  8
F.Silkscreen
  6
CONTINUOUS
100
AcDbLine
 10
56.3924589999999952
 20
-30.2916649999999983
 30
0
 11
56.4131509999999992
 21
-30.2709729999999979
 31
0
  0
LINE
  5
FC
330
1B
100
AcDbEntity
  8
F.Silkscreen
  6
CONTINUOUS
100
AcDbLine
 10
56.4131509999999992
 20
-30.2709729999999979
 30
0
 11
56.4401869999999946
 21
-30.2597740000000002
 31
0
  0
LINE
  5
FD
330
1B
100
AcDbEntity
  8
F.Silkscreen
  6
CONTINUOUS
100
AcDbLine
 10
56.4401869999999946
 20
-30.2597740000000002
 30
0
 11
56.4548190000000005
 21
-30.2583330000000004
 31
0
  0
LINE
  5
FE
330
1B
100
AcDbEntity
  8
F.Silkscreen
  6
CONTINUOUS
100
AcDbLine
 10
56.4548190000000005
 20
-30.2583330000000004
 30
0
 11
57.1691039999999973
 21
-30.2583330000000004
 31
0
  0
LINE
  5
FF
330
1B
100
AcDbEntity
  8
F.Silkscreen
  6
CONTINUOUS
100
AcDbLine
 10
57.1691039999999973
 20
-30.2583330000000004
 30
0
 11
57.1765089999999958
 21
-30.2590620000000001
 31
0
  0
LINE
  5
100
330
1B
100
AcDbEntity
  8
F.Silkscreen
  6
CONTINUOUS
100
AcDbLine
 10
57.4964869999999948
 20
-29.2709729999999979
 30
0
 11
57.5171789999999987
 21
-29.2916649999999983
 31
0
  0
LINE
  5
101
330
1B
100
AcDbEntity
  8
F.Silkscreen
  6
CONTINUOUS
100
AcDbLine
 10
57.5171789999999987
 20
-29.2916649999999983
 30
0
 11
57.5283779999999965
 21
-29.3187009999999972
 31
0
  0
LINE
  5
102
330
1B
100
AcDbEntity
  8
F.Silkscreen
  6
CONTINUOUS
100
AcDbLine
 10
57.5283779999999965
 20
-29.3187009999999972
 30
0
 11
57.5298189999999963
 21
-29.3333329999999997
 31
0
  0
LINE
  5
103
330
1B
100
AcDbEntity
  8
F.Silkscreen
  6
CONTINUOUS
100
AcDbLine
 10
57.5298189999999963
 20
-29.3333329999999997
 30
0
 11
57.5298189999999963
 21
-29.904760999999997
 31
0
  0
LINE
  5
104
330
1B
100
AcDbEntity
  8
F.Silkscreen
  6
CONTINUOUS
100
AcDbLine
 10
57.5298189999999963
 20
-29.904760999999997
 30
0
 11
57.5283779999999965
 21
-29.9193929999999995
 31
0
  0
LINE
  5
105
330
1B
100
AcDbEntity
  8
F.Silkscreen
  6
CONTINUOUS
100
AcDbLine
 10
57.5283779999999965
 20
-29.9193929999999995
 30
0
 11
57.5171789999999987
 21
-29.9464289999999984
 31
0
  0
LINE
  5
106
330
1B
100
AcDbEntity
  8
F.Silkscreen
  6
CONTINUOUS
100
AcDbLine
 10
57.5171789999999987
 20
-29.9464289999999984
 30
0
 11
57.4964869999999948
 21
-29.9671209999999988
 31
0
  0
LINE
  5
107
330
1B
100
AcDbEntity
  8
F.Silkscreen
  6
CONTINUOUS
100
AcDbLine
 10
57.4964869999999948
 20
-29.9671209999999988
 30
0
 11
57.4694509999999994
 21
-29.9783200000000001
 31
0
  0
LINE
  5
108
330
1B
100
AcDbEntity
  8
F.Silkscreen
  6
CONTINUOUS
100
AcDbLine
 10
57.4694509999999994
 20
-29.9783200000000001
 30
0
 11
57.4401869999999946
 21
-29.9783200000000001
 31
0
  0
LINE
  5
109
330
1B
100
AcDbEntity
  8
F.Silkscreen
  6
CONTINUOUS
100
AcDbLine
 10
57.4401869999999946
 20
-29.9783200000000001
 30
0
 11
57.4131509999999992
 21
-29.9671209999999988
 31
0
  0
LINE
  5
10A
330
1B
100
AcDbEntity
  8
F.Silkscreen
  6
CONTINUOUS
100
AcDbLine
 10
57.4131509999999992
 20
-29.9671209999999988
 30
0
 11
57.3924589999999952
 21
-29.9464289999999984
 31
0
  0
LINE
  5
10B
330
1B
100
AcDbEntity
  8
F.Silkscreen
  6
CONTINUOUS
100
AcDbLine
 10
57.3924589999999952
 20
-29.9464289999999984
 30
0
 11
57.3812599999999975
 21
-29.9193929999999995
 31
0
  0
LINE
  5
10C
330
1B
100
AcDbEntity
  8
F.Silkscreen
  6
CONTINUOUS
100
AcDbLine
 10
57.3812599999999975
 20
-29.9193929999999995
 30
0
 11
57.3798189999999977
 21
-29.904760999999997
 31
0
  0
LINE
  5
10D
330
1B
100
AcDbEntity
  8
F.Silkscreen
  6
CONTINUOUS
100
AcDbLine
 10
57.3798189999999977
 20
-29.904760999999997
 30
0
 11
57.3798189999999977
 21
-29.6940469999999976
 31
0
  0
LINE
  5
10E
330
1B
100
AcDbEntity
  8
F.Silkscreen
  6
CONTINUOUS
100
AcDbLine
 10
57.3798189999999977
 20
-29.6940469999999976
 30
0
 11
56.6835039999999992
 21
-29.6940469999999976
 31
0
  0
LINE
  5
10F
330
1B
100
AcDbEntity
  8
F.Silkscreen
  6
CONTINUOUS
100
AcDbLine
 10
56.6835039999999992
 20
-29.6940469999999976
 30
0
 11
56.7459469999999939
 21
-29.7564899999999994
 31
0
  0
LINE
  5
110
330
1B
100
AcDbEntity
  8
F.Silkscreen
  6
CONTINUOUS
100
AcDbLine
 10
56.7459469999999939
 20
-29.7564899999999994
 30
0
 11
56.750667
 21
-29.7622399999999985
 31
0
  0
LINE
  5
111
330
1B
100
AcDbEntity
  8
F.Silkscreen
  6
CONTINUOUS
100
AcDbLine
 10
56.750667
 20
-29.7622399999999985
 30
0
 11
56.7521640000000005
 21
-29.763538999999998
 31
0
  0
LINE
  5
112
330
1B
100
AcDbEntity
  8
F.Silkscreen
  6
CONTINUOUS
100
AcDbLine
 10
56.7521640000000005
 20
-29.763538999999998
 30
0
 11
56.753582999999999
 21
-29.7657929999999986
 31
0
  0
LINE
  5
113
330
1B
100
AcDbEntity
  8
F.Silkscreen
  6
CONTINUOUS
100
AcDbLine
 10
56.753582999999999
 20
-29.7657929999999986
 30
0
 11
56.7552749999999975
 21
-29.7678549999999973
 31
0
  0
LINE
  5
114
330
1B
100
AcDbEntity
  8
F.Silkscreen
  6
CONTINUOUS
100
AcDbLine
 10
56.7552749999999975
 20
-29.7678549999999973
 30
0
 11
56.7560329999999951
 21
-29.7696869999999976
 31
0
  0
LINE
  5
115
330
1B
100
AcDbEntity
  8
F.Silkscreen
  6
CONTINUOUS
100
AcDbLine
 10
56.7560329999999951
 20
-29.7696869999999976
 30
0
 11
56.7599959999999939
 21
-29.7759819999999991
 31
0
  0
LINE
  5
116
330
1B
100
AcDbEntity
  8
F.Silkscreen
  6
CONTINUOUS
100
AcDbLine
 10
56.7599959999999939
 20
-29.7759819999999991
 30
0
 11
56.8076149999999984
 21
-29.8712199999999974
 31
0
  0
LINE
  5
117
330
1B
100
AcDbEntity
  8
F.Silkscreen
  6
CONTINUOUS
100
AcDbLine
 10
56.8076149999999984
 20
-29.8712199999999974
 30
0
 11
56.8128699999999967
 21
-29.8849509999999974
 31
0
  0
LINE
  5
118
330
1B
100
AcDbEntity
  8
F.Silkscreen
  6
CONTINUOUS
100
AcDbLine
 10
56.8128699999999967
 20
-29.8849509999999974
 30
0
 11
56.814943999999997
 21
-29.9141409999999972
 31
0
  0
LINE
  5
119
330
1B
100
AcDbEntity
  8
F.Silkscreen
  6
CONTINUOUS
100
AcDbLine
 10
56.814943999999997
 20
-29.9141409999999972
 30
0
 11
56.8056899999999985
 21
-29.9419029999999999
 31
0
  0
LINE
  5
11A
330
1B
100
AcDbEntity
  8
F.Silkscreen
  6
CONTINUOUS
100
AcDbLine
 10
56.8056899999999985
 20
-29.9419029999999999
 30
0
 11
56.7865169999999964
 21
-29.9640099999999983
 31
0
  0
LINE
  5
11B
330
1B
100
AcDbEntity
  8
F.Silkscreen
  6
CONTINUOUS
100
AcDbLine
 10
56.7865169999999964
 20
-29.9640099999999983
 30
0
 11
56.7603419999999943
 21
-29.977097999999998
 31
0
  0
LINE
  5
11C
330
1B
100
AcDbEntity
  8
F.Silkscreen
  6
CONTINUOUS
100
AcDbLine
 10
56.7603419999999943
 20
-29.977097999999998
 30
0
 11
56.7311519999999945
 21
-29.9791719999999984
 31
0
  0
LINE
  5
11D
330
1B
100
AcDbEntity
  8
F.Silkscreen
  6
CONTINUOUS
100
AcDbLine
 10
56.7311519999999945
 20
-29.9791719999999984
 30
0
 11
56.7033909999999963
 21
-29.9699179999999998
 31
0
  0
LINE
  5
11E
330
1B
100
AcDbEntity
  8
F.Silkscreen
  6
CONTINUOUS
100
AcDbLine
 10
56.7033909999999963
 20
-29.9699179999999998
 30
0
 11
56.6812830000000005
 21
-29.9507449999999977
 31
0
  0
LINE
  5
11F
330
1B
100
AcDbEntity
  8
F.Silkscreen
  6
CONTINUOUS
100
AcDbLine
 10
56.6812830000000005
 20
-29.9507449999999977
 30
0
 11
56.673451
 21
-29.9383020000000002
 31
0
  0
LINE
  5
120
330
1B
100
AcDbEntity
  8
F.Silkscreen
  6
CONTINUOUS
100
AcDbLine
 10
56.673451
 20
-29.9383020000000002
 30
0
 11
56.6312749999999951
 21
-29.8539499999999975
 31
0
  0
LINE
  5
121
330
1B
100
AcDbEntity
  8
F.Silkscreen
  6
CONTINUOUS
100
AcDbLine
 10
56.6312749999999951
 20
-29.8539499999999975
 30
0
 11
56.5498939999999948
 21
-29.7725689999999972
 31
0
  0
LINE
  5
122
330
1B
100
AcDbEntity
  8
F.Silkscreen
  6
CONTINUOUS
100
AcDbLine
 10
56.5498939999999948
 20
-29.7725689999999972
 30
0
 11
56.4132159999999985
 21
-29.6814509999999991
 31
0
  0
LINE
  5
123
330
1B
100
AcDbEntity
  8
F.Silkscreen
  6
CONTINUOUS
100
AcDbLine
 10
56.4132159999999985
 20
-29.6814509999999991
 30
0
 11
56.4131730000000005
 21
-29.6814159999999987
 31
0
  0
LINE
  5
124
330
1B
100
AcDbEntity
  8
F.Silkscreen
  6
CONTINUOUS
100
AcDbLine
 10
56.4131730000000005
 20
-29.6814159999999987
 30
0
 11
56.4131509999999992
 21
-29.6814070000000001
 31
0
  0
LINE
  5
125
330
1B
100
AcDbEntity
  8
F.Silkscreen
  6
CONTINUOUS
100
AcDbLine
 10
56.4131509999999992
 20
-29.6814070000000001
 30
0
 11
56.4130989999999954
 21
-29.6813549999999999
 31
0
  0
LINE
  5
126
330
1B
100
AcDbEntity
  8
F.Silkscreen
  6
CONTINUOUS
100
AcDbLine
 10
56.4130989999999954
 20
-29.6813549999999999
 30
0
 11
56.4018409999999975
 21
-29.6721349999999973
 31
0
  0
LINE
  5
127
330
1B
100
AcDbEntity
  8
F.Silkscreen
  6
CONTINUOUS
100
AcDbLine
 10
56.4018409999999975
 20
-29.6721349999999973
 30
0
 11
56.397708999999999
 21
-29.6659649999999999
 31
0
  0
LINE
  5
128
330
1B
100
AcDbEntity
  8
F.Silkscreen
  6
CONTINUOUS
100
AcDbLine
 10
56.397708999999999
 20
-29.6659649999999999
 30
0
 11
56.3924589999999952
 21
-29.6607149999999997
 31
0
  0
LINE
  5
129
330
1B
100
AcDbEntity
  8
F.Silkscreen
  6
CONTINUOUS
100
AcDbLine
 10
56.3924589999999952
 20
-29.6607149999999997
 30
0
 11
56.389645999999999
 21
-29.6539249999999974
 31
0
  0
LINE
  5
12A
330
1B
100
AcDbEntity
  8
F.Silkscreen
  6
CONTINUOUS
100
AcDbLine
 10
56.389645999999999
 20
-29.6539249999999974
 30
0
 11
56.3855579999999961
 21
-29.6478199999999994
 31
0
  0
LINE
  5
12B
330
1B
100
AcDbEntity
  8
F.Silkscreen
  6
CONTINUOUS
100
AcDbLine
 10
56.3855579999999961
 20
-29.6478199999999994
 30
0
 11
56.384100999999994
 21
-29.6405390000000004
 31
0
  0
LINE
  5
12C
330
1B
100
AcDbEntity
  8
F.Silkscreen
  6
CONTINUOUS
100
AcDbLine
 10
56.384100999999994
 20
-29.6405390000000004
 30
0
 11
56.3812599999999975
 21
-29.6336789999999972
 31
0
  0
LINE
  5
12D
330
1B
100
AcDbEntity
  8
F.Silkscreen
  6
CONTINUOUS
100
AcDbLine
 10
56.3812599999999975
 20
-29.6336789999999972
 30
0
 11
56.3812599999999975
 21
-29.6263299999999994
 31
0
  0
LINE
  5
12E
330
1B
100
AcDbEntity
  8
F.Silkscreen
  6
CONTINUOUS
100
AcDbLine
 10
56.3812599999999975
 20
-29.6263299999999994
 30
0
 11
56.3798189999999977
 21
-29.6191259999999978
 31
0
  0
LINE
  5
12F
330
1B
100
AcDbEntity
  8
F.Silkscreen
  6
CONTINUOUS
100
AcDbLine
 10
56.3798189999999977
 20
-29.6191259999999978
 30
0
 11
56.3812599999999975
 21
-29.6118409999999983
 31
0
  0
LINE
  5
130
330
1B
100
AcDbEntity
  8
F.Silkscreen
  6
CONTINUOUS
100
AcDbLine
 10
56.3812599999999975
 20
-29.6118409999999983
 30
0
 11
56.3812599999999975
 21
-29.6044149999999995
 31
0
  0
LINE
  5
131
330
1B
100
AcDbEntity
  8
F.Silkscreen
  6
CONTINUOUS
100
AcDbLine
 10
56.3812599999999975
 20
-29.6044149999999995
 30
0
 11
56.3840719999999962
 21
-29.5976259999999982
 31
0
  0
LINE
  5
132
330
1B
100
AcDbEntity
  8
F.Silkscreen
  6
CONTINUOUS
100
AcDbLine
 10
56.3840719999999962
 20
-29.5976259999999982
 30
0
 11
56.3854979999999983
 21
-29.5904179999999997
 31
0
  0
LINE
  5
133
330
1B
100
AcDbEntity
  8
F.Silkscreen
  6
CONTINUOUS
100
AcDbLine
 10
56.3854979999999983
 20
-29.5904179999999997
 30
0
 11
56.3896169999999941
 21
-29.5842390000000002
 31
0
  0
LINE
  5
134
330
1B
100
AcDbEntity
  8
F.Silkscreen
  6
CONTINUOUS
100
AcDbLine
 10
56.3896169999999941
 20
-29.5842390000000002
 30
0
 11
56.3924589999999952
 21
-29.577378999999997
 31
0
  0
LINE
  5
135
330
1B
100
AcDbEntity
  8
F.Silkscreen
  6
CONTINUOUS
100
AcDbLine
 10
56.3924589999999952
 20
-29.577378999999997
 30
0
 11
56.3976539999999957
 21
-29.572182999999999
 31
0
  0
LINE
  5
136
330
1B
100
AcDbEntity
  8
F.Silkscreen
  6
CONTINUOUS
100
AcDbLine
 10
56.3976539999999957
 20
-29.572182999999999
 30
0
 11
56.4017309999999981
 21
-29.5660689999999988
 31
0
  0
LINE
  5
137
330
1B
100
AcDbEntity
  8
F.Silkscreen
  6
CONTINUOUS
100
AcDbLine
 10
56.4017309999999981
 20
-29.5660689999999988
 30
0
 11
56.4078999999999979
 21
-29.5619370000000004
 31
0
  0
LINE
  5
138
330
1B
100
AcDbEntity
  8
F.Silkscreen
  6
CONTINUOUS
100
AcDbLine
 10
56.4078999999999979
 20
-29.5619370000000004
 30
0
 11
56.4131509999999992
 21
-29.5566870000000002
 31
0
  0
LINE
  5
139
330
1B
100
AcDbEntity
  8
F.Silkscreen
  6
CONTINUOUS
100
AcDbLine
 10
56.4131509999999992
 20
-29.5566870000000002
 30
0
 11
56.4199399999999969
 21
-29.5538740000000004
 31
0
  0
LINE
  5
13A
330
1B
100
AcDbEntity
  8
F.Silkscreen
  6
CONTINUOUS
100
AcDbLine
 10
56.4199399999999969
 20
-29.5538740000000004
 30
0
 11
56.4260459999999995
 21
-29.5497859999999974
 31
0
  0
LINE
  5
13B
330
1B
100
AcDbEntity
  8
F.Silkscreen
  6
CONTINUOUS
100
AcDbLine
 10
56.4260459999999995
 20
-29.5497859999999974
 30
0
 11
56.433326000000001
 21
-29.548328999999999
 31
0
  0
LINE
  5
13C
330
1B
100
AcDbEntity
  8
F.Silkscreen
  6
CONTINUOUS
100
AcDbLine
 10
56.433326000000001
 20
-29.548328999999999
 30
0
 11
56.4401869999999946
 21
-29.5454879999999989
 31
0
  0
LINE
  5
13D
330
1B
100
AcDbEntity
  8
F.Silkscreen
  6
CONTINUOUS
100
AcDbLine
 10
56.4401869999999946
 20
-29.5454879999999989
 30
0
 11
56.4546629999999965
 21
-29.5440620000000003
 31
0
  0
LINE
  5
13E
330
1B
100
AcDbEntity
  8
F.Silkscreen
  6
CONTINUOUS
100
AcDbLine
 10
56.4546629999999965
 20
-29.5440620000000003
 30
0
 11
56.4547399999999939
 21
-29.5440469999999991
 31
0
  0
LINE
  5
13F
330
1B
100
AcDbEntity
  8
F.Silkscreen
  6
CONTINUOUS
100
AcDbLine
 10
56.4547399999999939
 20
-29.5440469999999991
 30
0
 11
56.4547659999999993
 21
-29.5440519999999971
 31
0
  0
LINE
  5
140
330
1B
100
AcDbEntity
  8
F.Silkscreen
  6
CONTINUOUS
100
AcDbLine
 10
56.4547659999999993
 20
-29.5440519999999971
 30
0
 11
56.4548190000000005
 21
-29.5440469999999991
 31
0
  0
LINE
  5
141
330
1B
100
AcDbEntity
  8
F.Silkscreen
  6
CONTINUOUS
100
AcDbLine
 10
56.4548190000000005
 20
-29.5440469999999991
 30
0
 11
57.3798189999999977
 21
-29.5440469999999991
 31
0
  0
LINE
  5
142
330
1B
100
AcDbEntity
  8
F.Silkscreen
  6
CONTINUOUS
100
AcDbLine
 10
57.3798189999999977
 20
-29.5440469999999991
 30
0
 11
57.3798189999999977
 21
-29.3333329999999997
 31
0
  0
LINE
  5
143
330
1B
100
AcDbEntity
  8
F.Silkscreen
  6
CONTINUOUS
100
AcDbLine
 10
57.3798189999999977
 20
-29.3333329999999997
 30
0
 11
57.3812599999999975
 21
-29.3187009999999972
 31
0
  0
LINE
  5
144
330
1B
100
AcDbEntity
  8
F.Silkscreen
  6
CONTINUOUS
100
AcDbLine
 10
57.3812599999999975
 20
-29.3187009999999972
 30
0
 11
57.3924589999999952
 21
-29.2916649999999983
 31
0
  0
LINE
  5
145
330
1B
100
AcDbEntity
  8
F.Silkscreen
  6
CONTINUOUS
100
AcDbLine
 10
57.3924589999999952
 20
-29.2916649999999983
 30
0
 11
57.4131509999999992
 21
-29.2709729999999979
 31
0
  0
LINE
  5
146
330
1B
100
AcDbEntity
  8
F.Silkscreen
  6
CONTINUOUS
100
AcDbLine
 10
57.4131509999999992
 20
-29.2709729999999979
 30
0
 11
57.4401869999999946
 21
-29.2597740000000002
 31
0
  0
LINE
  5
147
330
1B
100
AcDbEntity
  8
F.Silkscreen
  6
CONTINUOUS
100
AcDbLine
 10
57.4401869999999946
 20
-29.2597740000000002
 30
0
 11
57.4694509999999994
 21
-29.2597740000000002
 31
0
  0
LINE
  5
148
330
1B
100
AcDbEntity
  8
F.Silkscreen
  6
CONTINUOUS
100
AcDbLine
 10
57.4694509999999994
 20
-29.2597740000000002
 30
0
 11
57.4964869999999948
 21
-29.2709729999999979
 31
0
  0
LINE
  5
149
330
1B
100
AcDbEntity
  8
F.Silkscreen
  6
CONTINUOUS
100
AcDbLine
 10
47.5229609999999951
 20
-24.4445669999999993
 30
0
 11
47.5554330000000007
 21
-24.4770389999999978
 31
0
  0
LINE
  5
14A
330
1B
100
AcDbEntity
  8
F.Silkscreen
  6
CONTINUOUS
100
AcDbLine
 10
47.5554330000000007
 20
-24.4770389999999978
 30
0
 11
47.5554330000000007
 21
-24.5229609999999987
 31
0
  0
LINE
  5
14B
330
1B
100
AcDbEntity
  8
F.Silkscreen
  6
CONTINUOUS
100
AcDbLine
 10
47.5554330000000007
 20
-24.5229609999999987
 30
0
 11
47.5229609999999951
 21
-24.5554329999999972
 31
0
  0
LINE
  5
14C
330
1B
100
AcDbEntity
  8
F.Silkscreen
  6
CONTINUOUS
100
AcDbLine
 10
47.5229609999999951
 20
-24.5554329999999972
 30
0
 11
47.5
 21
-24.5599999999999987
 31
0
  0
LINE
  5
14D
330
1B
100
AcDbEntity
  8
F.Silkscreen
  6
CONTINUOUS
100
AcDbLine
 10
47.5
 20
-24.5599999999999987
 30
0
 11
32.5
 21
-24.5599999999999987
 31
0
  0
LINE
  5
14E
330
1B
100
AcDbEntity
  8
F.Silkscreen
  6
CONTINUOUS
100
AcDbLine
 10
32.5
 20
-24.5599999999999987
 30
0
 11
32.4770389999999978
 21
-24.5554329999999972
 31
0
  0
LINE
  5
14F
330
1B
100
AcDbEntity
  8
F.Silkscreen
  6
CONTINUOUS
100
AcDbLine
 10
32.4770389999999978
 20
-24.5554329999999972
 30
0
 11
32.4445669999999993
 21
-24.5229609999999987
 31
0
  0
LINE
  5
150
330
1B
100
AcDbEntity
  8
F.Silkscreen
  6
CONTINUOUS
100
AcDbLine
 10
32.4445669999999993
 20
-24.5229609999999987
 30
0
 11
32.4445669999999993
 21
-24.4770389999999978
 31
0
  0
LINE
  5
151
330
1B
100
AcDbEntity
  8
F.Silkscreen
  6
CONTINUOUS
100
AcDbLine
 10
32.4445669999999993
 20
-24.4770389999999978
 30
0
 11
32.4770389999999978
 21
-24.4445669999999993
 31
0
  0
LINE
  5
152
330
1B
100
AcDbEntity
  8
F.Silkscreen
  6
CONTINUOUS
100
AcDbLine
 10
32.4770389999999978
 20
-24.4445669999999993
 30
0
 11
32.5
 21
-24.4399999999999977
 31
0
  0
LINE
  5
153
330
1B
100
AcDbEntity
  8
F.Silkscreen
  6
CONTINUOUS
100
AcDbLine
 10
32.5
 20
-24.4399999999999977
 30
0
 11
47.5
 21
-24.4399999999999977
 31
0
  0
LINE
  5
154
330
1B
100
AcDbEntity
  8
F.Silkscreen
  6
CONTINUOUS
100
AcDbLine
 10
47.5
 20
-24.4399999999999977
 30
0
 11
47.5229609999999951
 21
-24.4445669999999993
 31
0
  0
LINE
  5
155
330
1B
100
AcDbEntity
  8
F.Silkscreen
  6
CONTINUOUS
100
AcDbLine
 10
76.0587790000000012
 20
-17.9190979999999982
 30
0
 11
76.0951060000000012
 21
-17.9690979999999989
 31
0
  0
LINE
  5
156
330
1B
100
AcDbEntity
  8
F.Silkscreen
  6
CONTINUOUS
100
AcDbLine
 10
76.0951060000000012
 20
-17.9690979999999989
 30
0
 11
76.0999999999999943
 21
-18.
 31
0
  0
LINE
  5
157
330
1B
100
AcDbEntity
  8
F.Silkscreen
  6
CONTINUOUS
100
AcDbLine
 10
76.0999999999999943
 20
-18.
 30
0
 11
76.0999999999999943
 21
-22.
 31
0
  0
LINE
  5
158
330
1B
100
AcDbEntity
  8
F.Silkscreen
  6
CONTINUOUS
100
AcDbLine
 10
76.0999999999999943
 20
-22.
 30
0
 11
76.0809019999999947
 21
-22.0587789999999977
 31
0
  0
LINE
  5
159
330
1B
100
AcDbEntity
  8
F.Silkscreen
  6
CONTINUOUS
100
AcDbLine
 10
76.0809019999999947
 20
-22.0587789999999977
 30
0
 11
76.0447209999999956
 21
-22.0894429999999993
 31
0
  0
LINE
  5
15A
330
1B
100
AcDbEntity
  8
F.Silkscreen
  6
CONTINUOUS
100
AcDbLine
 10
76.0447209999999956
 20
-22.0894429999999993
 30
0
 11
72.0447209999999956
 21
-24.0894429999999993
 31
0
  0
LINE
  5
15B
330
1B
100
AcDbEntity
  8
F.Silkscreen
  6
CONTINUOUS
100
AcDbLine
 10
72.0447209999999956
 20
-24.0894429999999993
 30
0
 11
71.9836069999999921
 21
-24.0986469999999997
 31
0
  0
LINE
  5
15C
330
1B
100
AcDbEntity
  8
F.Silkscreen
  6
CONTINUOUS
100
AcDbLine
 10
71.9836069999999921
 20
-24.0986469999999997
 30
0
 11
71.9287549999999953
 21
-24.0701719999999995
 31
0
  0
LINE
  5
15D
330
1B
100
AcDbEntity
  8
F.Silkscreen
  6
CONTINUOUS
100
AcDbLine
 10
71.9287549999999953
 20
-24.0701719999999995
 30
0
 11
71.9051319999999947
 21
-24.0316229999999997
 31
0
  0
LINE
  5
15E
330
1B
100
AcDbEntity
  8
F.Silkscreen
  6
CONTINUOUS
100
AcDbLine
 10
71.9051319999999947
 20
-24.0316229999999997
 30
0
 11
69.9051319999999947
 21
-18.0316229999999997
 31
0
  0
LINE
  5
15F
330
1B
100
AcDbEntity
  8
F.Silkscreen
  6
CONTINUOUS
100
AcDbLine
 10
69.9051319999999947
 20
-18.0316229999999997
 30
0
 11
69.9046629999999993
 21
-17.9698209999999996
 31
0
  0
LINE
  5
160
330
1B
100
AcDbEntity
  8
F.Silkscreen
  6
CONTINUOUS
100
AcDbLine
 10
69.9046629999999993
 20
-17.9698209999999996
 30
0
 11
69.9406089999999949
 21
-17.9195469999999979
 31
0
  0
LINE
  5
161
330
1B
100
AcDbEntity
  8
F.Silkscreen
  6
CONTINUOUS
100
AcDbLine
 10
69.9406089999999949
 20
-17.9195469999999979
 30
0
 11
69.9992409999999978
 21
-17.9000029999999981
 31
0
  0
LINE
  5
162
330
1B
100
AcDbEntity
  8
F.Silkscreen
  6
CONTINUOUS
100
AcDbLine
 10
69.9992409999999978
 20
-17.9000029999999981
 30
0
 11
70.
 21
-17.8999999999999986
 31
0
  0
LINE
  5
163
330
1B
100
AcDbEntity
  8
F.Silkscreen
  6
CONTINUOUS
100
AcDbLine
 10
70.
 20
-17.8999999999999986
 30
0
 11
76.
 21
-17.8999999999999986
 31
0
  0
LINE
  5
164
330
1B
100
AcDbEntity
  8
F.Silkscreen
  6
CONTINUOUS
100
AcDbLine
 10
76.
 20
-17.8999999999999986
 30
0
 11
76.0587790000000012
 21
-17.9190979999999982
 31
0
  0
LINE
  5
165
330
1B
100
AcDbEntity
  8
F.Silkscreen
  6
CONTINUOUS
100
AcDbLine
 10
39.2797629999999955
 20
-22.8924589999999988
 30
0
 11
39.3004549999999995
 21
-22.9131509999999992
 31
0
  0
LINE
  5
166
330
1B
100
AcDbEntity
  8
F.Silkscreen
  6
CONTINUOUS
100
AcDbLine
 10
39.3004549999999995
 20
-22.9131509999999992
 30
0
 11
39.3116539999999972
 21
-22.9401869999999981
 31
0
  0
LINE
  5
167
330
1B
100
AcDbEntity
  8
F.Silkscreen
  6
CONTINUOUS
100
AcDbLine
 10
39.3116539999999972
 20
-22.9401869999999981
 30
0
 11
39.313094999999997
 21
-22.9548190000000005
 31
0
  0
LINE
  5
168
330
1B
100
AcDbEntity
  8
F.Silkscreen
  6
CONTINUOUS
100
AcDbLine
 10
39.313094999999997
 20
-22.9548190000000005
 30
0
 11
39.313094999999997
 21
-23.7466369999999998
 31
0
  0
LINE
  5
169
330
1B
100
AcDbEntity
  8
F.Silkscreen
  6
CONTINUOUS
100
AcDbLine
 10
39.313094999999997
 20
-23.7466369999999998
 30
0
 11
39.3473529999999982
 21
-23.8151529999999987
 31
0
  0
LINE
  5
16A
330
1B
100
AcDbEntity
  8
F.Silkscreen
  6
CONTINUOUS
100
AcDbLine
 10
39.3473529999999982
 20
-23.8151529999999987
 30
0
 11
39.377759999999995
 21
-23.845561
 31
0
  0
LINE
  5
16B
330
1B
100
AcDbEntity
  8
F.Silkscreen
  6
CONTINUOUS
100
AcDbLine
 10
39.377759999999995
 20
-23.845561
 30
0
 11
39.4462759999999975
 21
-23.8798189999999977
 31
0
  0
LINE
  5
16C
330
1B
100
AcDbEntity
  8
F.Silkscreen
  6
CONTINUOUS
100
AcDbLine
 10
39.4462759999999975
 20
-23.8798189999999977
 30
0
 11
39.6013419999999954
 21
-23.8798189999999977
 31
0
  0
LINE
  5
16D
330
1B
100
AcDbEntity
  8
F.Silkscreen
  6
CONTINUOUS
100
AcDbLine
 10
39.6013419999999954
 20
-23.8798189999999977
 30
0
 11
39.6698570000000004
 21
-23.845561
 31
0
  0
LINE
  5
16E
330
1B
100
AcDbEntity
  8
F.Silkscreen
  6
CONTINUOUS
100
AcDbLine
 10
39.6698570000000004
 20
-23.845561
 30
0
 11
39.7002639999999971
 21
-23.8151529999999987
 31
0
  0
LINE
  5
16F
330
1B
100
AcDbEntity
  8
F.Silkscreen
  6
CONTINUOUS
100
AcDbLine
 10
39.7002639999999971
 20
-23.8151529999999987
 30
0
 11
39.7345229999999958
 21
-23.7466369999999998
 31
0
  0
LINE
  5
170
330
1B
100
AcDbEntity
  8
F.Silkscreen
  6
CONTINUOUS
100
AcDbLine
 10
39.7345229999999958
 20
-23.7466369999999998
 30
0
 11
39.7345229999999958
 21
-22.9548190000000005
 31
0
  0
LINE
  5
171
330
1B
100
AcDbEntity
  8
F.Silkscreen
  6
CONTINUOUS
100
AcDbLine
 10
39.7345229999999958
 20
-22.9548190000000005
 30
0
 11
39.7359639999999956
 21
-22.9401869999999981
 31
0
  0
LINE
  5
172
330
1B
100
AcDbEntity
  8
F.Silkscreen
  6
CONTINUOUS
100
AcDbLine
 10
39.7359639999999956
 20
-22.9401869999999981
 30
0
 11
39.7471630000000005
 21
-22.9131509999999992
 31
0
  0
LINE
  5
173
330
1B
100
AcDbEntity
  8
F.Silkscreen
  6
CONTINUOUS
100
AcDbLine
 10
39.7471630000000005
 20
-22.9131509999999992
 30
0
 11
39.7678549999999973
 21
-22.8924589999999988
 31
0
  0
LINE
  5
174
330
1B
100
AcDbEntity
  8
F.Silkscreen
  6
CONTINUOUS
100
AcDbLine
 10
39.7678549999999973
 20
-22.8924589999999988
 30
0
 11
39.7948909999999998
 21
-22.8812599999999975
 31
0
  0
LINE
  5
175
330
1B
100
AcDbEntity
  8
F.Silkscreen
  6
CONTINUOUS
100
AcDbLine
 10
39.7948909999999998
 20
-22.8812599999999975
 30
0
 11
39.8241549999999975
 21
-22.8812599999999975
 31
0
  0
LINE
  5
176
330
1B
100
AcDbEntity
  8
F.Silkscreen
  6
CONTINUOUS
100
AcDbLine
 10
39.8241549999999975
 20
-22.8812599999999975
 30
0
 11
39.851191
 21
-22.8924589999999988
 31
0
  0
LINE
  5
177
330
1B
100
AcDbEntity
  8
F.Silkscreen
  6
CONTINUOUS
100
AcDbLine
 10
39.851191
 20
-22.8924589999999988
 30
0
 11
39.8718829999999969
 21
-22.9131509999999992
 31
0
  0
LINE
  5
178
330
1B
100
AcDbEntity
  8
F.Silkscreen
  6
CONTINUOUS
100
AcDbLine
 10
39.8718829999999969
 20
-22.9131509999999992
 30
0
 11
39.8830820000000017
 21
-22.9401869999999981
 31
0
  0
LINE
  5
179
330
1B
100
AcDbEntity
  8
F.Silkscreen
  6
CONTINUOUS
100
AcDbLine
 10
39.8830820000000017
 20
-22.9401869999999981
 30
0
 11
39.8845230000000015
 21
-22.9548190000000005
 31
0
  0
LINE
  5
17A
330
1B
100
AcDbEntity
  8
F.Silkscreen
  6
CONTINUOUS
100
AcDbLine
 10
39.8845230000000015
 20
-22.9548190000000005
 30
0
 11
39.8845230000000015
 21
-23.7643419999999992
 31
0
  0
LINE
  5
17B
330
1B
100
AcDbEntity
  8
F.Silkscreen
  6
CONTINUOUS
100
AcDbLine
 10
39.8845230000000015
 20
-23.7643419999999992
 30
0
 11
39.8830820000000017
 21
-23.7789739999999981
 31
0
  0
LINE
  5
17C
330
1B
100
AcDbEntity
  8
F.Silkscreen
  6
CONTINUOUS
100
AcDbLine
 10
39.8830820000000017
 20
-23.7789739999999981
 30
0
 11
39.882050999999997
 21
-23.7814619999999977
 31
0
  0
LINE
  5
17D
330
1B
100
AcDbEntity
  8
F.Silkscreen
  6
CONTINUOUS
100
AcDbLine
 10
39.882050999999997
 20
-23.7814619999999977
 30
0
 11
39.8818599999999961
 21
-23.7841519999999988
 31
0
  0
LINE
  5
17E
330
1B
100
AcDbEntity
  8
F.Silkscreen
  6
CONTINUOUS
100
AcDbLine
 10
39.8818599999999961
 20
-23.7841519999999988
 30
0
 11
39.8766049999999979
 21
-23.7978829999999988
 31
0
  0
LINE
  5
17F
330
1B
100
AcDbEntity
  8
F.Silkscreen
  6
CONTINUOUS
100
AcDbLine
 10
39.8766049999999979
 20
-23.7978829999999988
 30
0
 11
39.8289860000000004
 21
-23.8931209999999972
 31
0
  0
LINE
  5
180
330
1B
100
AcDbEntity
  8
F.Silkscreen
  6
CONTINUOUS
100
AcDbLine
 10
39.8289860000000004
 20
-23.8931209999999972
 30
0
 11
39.825021999999997
 21
-23.8994169999999997
 31
0
  0
LINE
  5
181
330
1B
100
AcDbEntity
  8
F.Silkscreen
  6
CONTINUOUS
100
AcDbLine
 10
39.825021999999997
 20
-23.8994169999999997
 30
0
 11
39.8242649999999969
 21
-23.9012469999999979
 31
0
  0
LINE
  5
182
330
1B
100
AcDbEntity
  8
F.Silkscreen
  6
CONTINUOUS
100
AcDbLine
 10
39.8242649999999969
 20
-23.9012469999999979
 30
0
 11
39.8225750000000005
 21
-23.9033049999999996
 31
0
  0
LINE
  5
183
330
1B
100
AcDbEntity
  8
F.Silkscreen
  6
CONTINUOUS
100
AcDbLine
 10
39.8225750000000005
 20
-23.9033049999999996
 30
0
 11
39.8211539999999999
 21
-23.9055639999999983
 31
0
  0
LINE
  5
184
330
1B
100
AcDbEntity
  8
F.Silkscreen
  6
CONTINUOUS
100
AcDbLine
 10
39.8211539999999999
 20
-23.9055639999999983
 30
0
 11
39.8196549999999974
 21
-23.9068629999999978
 31
0
  0
LINE
  5
185
330
1B
100
AcDbEntity
  8
F.Silkscreen
  6
CONTINUOUS
100
AcDbLine
 10
39.8196549999999974
 20
-23.9068629999999978
 30
0
 11
39.8149370000000005
 21
-23.9126130000000003
 31
0
  0
LINE
  5
186
330
1B
100
AcDbEntity
  8
F.Silkscreen
  6
CONTINUOUS
100
AcDbLine
 10
39.8149370000000005
 20
-23.9126130000000003
 30
0
 11
39.7673190000000005
 21
-23.9602319999999978
 31
0
  0
LINE
  5
187
330
1B
100
AcDbEntity
  8
F.Silkscreen
  6
CONTINUOUS
100
AcDbLine
 10
39.7673190000000005
 20
-23.9602319999999978
 30
0
 11
39.7615690000000015
 21
-23.9649499999999982
 31
0
  0
LINE
  5
188
330
1B
100
AcDbEntity
  8
F.Silkscreen
  6
CONTINUOUS
100
AcDbLine
 10
39.7615690000000015
 20
-23.9649499999999982
 30
0
 11
39.760269000000001
 21
-23.9664499999999983
 31
0
  0
LINE
  5
189
330
1B
100
AcDbEntity
  8
F.Silkscreen
  6
CONTINUOUS
100
AcDbLine
 10
39.760269000000001
 20
-23.9664499999999983
 30
0
 11
39.7580090000000013
 21
-23.9678719999999998
 31
0
  0
LINE
  5
18A
330
1B
100
AcDbEntity
  8
F.Silkscreen
  6
CONTINUOUS
100
AcDbLine
 10
39.7580090000000013
 20
-23.9678719999999998
 30
0
 11
39.7559529999999981
 21
-23.9695599999999978
 31
0
  0
LINE
  5
18B
330
1B
100
AcDbEntity
  8
F.Silkscreen
  6
CONTINUOUS
100
AcDbLine
 10
39.7559529999999981
 20
-23.9695599999999978
 30
0
 11
39.7541249999999948
 21
-23.9703169999999979
 31
0
  0
LINE
  5
18C
330
1B
100
AcDbEntity
  8
F.Silkscreen
  6
CONTINUOUS
100
AcDbLine
 10
39.7541249999999948
 20
-23.9703169999999979
 30
0
 11
39.7478259999999963
 21
-23.9742819999999988
 31
0
  0
LINE
  5
18D
330
1B
100
AcDbEntity
  8
F.Silkscreen
  6
CONTINUOUS
100
AcDbLine
 10
39.7478259999999963
 20
-23.9742819999999988
 30
0
 11
39.6525880000000015
 21
-24.0219009999999997
 31
0
  0
LINE
  5
18E
330
1B
100
AcDbEntity
  8
F.Silkscreen
  6
CONTINUOUS
100
AcDbLine
 10
39.6525880000000015
 20
-24.0219009999999997
 30
0
 11
39.638855999999997
 21
-24.027155999999998
 31
0
  0
LINE
  5
18F
330
1B
100
AcDbEntity
  8
F.Silkscreen
  6
CONTINUOUS
100
AcDbLine
 10
39.638855999999997
 20
-24.027155999999998
 30
0
 11
39.6361679999999978
 21
-24.0273459999999979
 31
0
  0
LINE
  5
190
330
1B
100
AcDbEntity
  8
F.Silkscreen
  6
CONTINUOUS
100
AcDbLine
 10
39.6361679999999978
 20
-24.0273459999999979
 30
0
 11
39.6336790000000008
 21
-24.028378
 31
0
  0
LINE
  5
191
330
1B
100
AcDbEntity
  8
F.Silkscreen
  6
CONTINUOUS
100
AcDbLine
 10
39.6336790000000008
 20
-24.028378
 30
0
 11
39.6190469999999948
 21
-24.0298189999999998
 31
0
  0
LINE
  5
192
330
1B
100
AcDbEntity
  8
F.Silkscreen
  6
CONTINUOUS
100
AcDbLine
 10
39.6190469999999948
 20
-24.0298189999999998
 30
0
 11
39.428570999999998
 21
-24.0298189999999998
 31
0
  0
LINE
  5
193
330
1B
100
AcDbEntity
  8
F.Silkscreen
  6
CONTINUOUS
100
AcDbLine
 10
39.428570999999998
 20
-24.0298189999999998
 30
0
 11
39.4139389999999992
 21
-24.028378
 31
0
  0
LINE
  5
194
330
1B
100
AcDbEntity
  8
F.Silkscreen
  6
CONTINUOUS
100
AcDbLine
 10
39.4139389999999992
 20
-24.028378
 30
0
 11
39.411449999999995
 21
-24.0273469999999989
 31
0
  0
LINE
  5
195
330
1B
100
AcDbEntity
  8
F.Silkscreen
  6
CONTINUOUS
100
AcDbLine
 10
39.411449999999995
 20
-24.0273469999999989
 30
0
 11
39.4087609999999984
 21
-24.027155999999998
 31
0
  0
LINE
  5
196
330
1B
100
AcDbEntity
  8
F.Silkscreen
  6
CONTINUOUS
100
AcDbLine
 10
39.4087609999999984
 20
-24.027155999999998
 30
0
 11
39.3950299999999984
 21
-24.0219009999999997
 31
0
  0
LINE
  5
197
330
1B
100
AcDbEntity
  8
F.Silkscreen
  6
CONTINUOUS
100
AcDbLine
 10
39.3950299999999984
 20
-24.0219009999999997
 30
0
 11
39.2997919999999965
 21
-23.9742819999999988
 31
0
  0
LINE
  5
198
330
1B
100
AcDbEntity
  8
F.Silkscreen
  6
CONTINUOUS
100
AcDbLine
 10
39.2997919999999965
 20
-23.9742819999999988
 30
0
 11
39.2934920000000005
 21
-23.9703169999999979
 31
0
  0
LINE
  5
199
330
1B
100
AcDbEntity
  8
F.Silkscreen
  6
CONTINUOUS
100
AcDbLine
 10
39.2934920000000005
 20
-23.9703169999999979
 30
0
 11
39.2916649999999947
 21
-23.9695599999999978
 31
0
  0
LINE
  5
19A
330
1B
100
AcDbEntity
  8
F.Silkscreen
  6
CONTINUOUS
100
AcDbLine
 10
39.2916649999999947
 20
-23.9695599999999978
 30
0
 11
39.2896080000000012
 21
-23.9678719999999998
 31
0
  0
LINE
  5
19B
330
1B
100
AcDbEntity
  8
F.Silkscreen
  6
CONTINUOUS
100
AcDbLine
 10
39.2896080000000012
 20
-23.9678719999999998
 30
0
 11
39.287348999999999
 21
-23.9664499999999983
 31
0
  0
LINE
  5
19C
330
1B
100
AcDbEntity
  8
F.Silkscreen
  6
CONTINUOUS
100
AcDbLine
 10
39.287348999999999
 20
-23.9664499999999983
 30
0
 11
39.286048000000001
 21
-23.9649499999999982
 31
0
  0
LINE
  5
19D
330
1B
100
AcDbEntity
  8
F.Silkscreen
  6
CONTINUOUS
100
AcDbLine
 10
39.286048000000001
 20
-23.9649499999999982
 30
0
 11
39.2802989999999994
 21
-23.9602319999999978
 31
0
  0
LINE
  5
19E
330
1B
100
AcDbEntity
  8
F.Silkscreen
  6
CONTINUOUS
100
AcDbLine
 10
39.2802989999999994
 20
-23.9602319999999978
 30
0
 11
39.2326799999999949
 21
-23.9126119999999993
 31
0
  0
LINE
  5
19F
330
1B
100
AcDbEntity
  8
F.Silkscreen
  6
CONTINUOUS
100
AcDbLine
 10
39.2326799999999949
 20
-23.9126119999999993
 30
0
 11
39.227961999999998
 21
-23.9068629999999978
 31
0
  0
LINE
  5
1A0
330
1B
100
AcDbEntity
  8
F.Silkscreen
  6
CONTINUOUS
100
AcDbLine
 10
39.227961999999998
 20
-23.9068629999999978
 30
0
 11
39.226464
 21
-23.9055639999999983
 31
0
  0
LINE
  5
1A1
330
1B
100
AcDbEntity
  8
F.Silkscreen
  6
CONTINUOUS
100
AcDbLine
 10
39.226464
 20
-23.9055639999999983
 30
0
 11
39.2250419999999949
 21
-23.9033049999999996
 31
0
  0
LINE
  5
1A2
330
1B
100
AcDbEntity
  8
F.Silkscreen
  6
CONTINUOUS
100
AcDbLine
 10
39.2250419999999949
 20
-23.9033049999999996
 30
0
 11
39.2233529999999959
 21
-23.9012469999999979
 31
0
  0
LINE
  5
1A3
330
1B
100
AcDbEntity
  8
F.Silkscreen
  6
CONTINUOUS
100
AcDbLine
 10
39.2233529999999959
 20
-23.9012469999999979
 30
0
 11
39.2225949999999983
 21
-23.8994169999999997
 31
0
  0
LINE
  5
1A4
330
1B
100
AcDbEntity
  8
F.Silkscreen
  6
CONTINUOUS
100
AcDbLine
 10
39.2225949999999983
 20
-23.8994169999999997
 30
0
 11
39.2186319999999995
 21
-23.8931209999999972
 31
0
  0
LINE
  5
1A5
330
1B
100
AcDbEntity
  8
F.Silkscreen
  6
CONTINUOUS
100
AcDbLine
 10
39.2186319999999995
 20
-23.8931209999999972
 30
0
 11
39.171012999999995
 21
-23.7978829999999988
 31
0
  0
LINE
  5
1A6
330
1B
100
AcDbEntity
  8
F.Silkscreen
  6
CONTINUOUS
100
AcDbLine
 10
39.171012999999995
 20
-23.7978829999999988
 30
0
 11
39.1657579999999967
 21
-23.7841509999999978
 31
0
  0
LINE
  5
1A7
330
1B
100
AcDbEntity
  8
F.Silkscreen
  6
CONTINUOUS
100
AcDbLine
 10
39.1657579999999967
 20
-23.7841509999999978
 30
0
 11
39.1655669999999958
 21
-23.7814629999999987
 31
0
  0
LINE
  5
1A8
330
1B
100
AcDbEntity
  8
F.Silkscreen
  6
CONTINUOUS
100
AcDbLine
 10
39.1655669999999958
 20
-23.7814629999999987
 30
0
 11
39.1645359999999982
 21
-23.7789739999999981
 31
0
  0
LINE
  5
1A9
330
1B
100
AcDbEntity
  8
F.Silkscreen
  6
CONTINUOUS
100
AcDbLine
 10
39.1645359999999982
 20
-23.7789739999999981
 30
0
 11
39.1630949999999984
 21
-23.7643419999999992
 31
0
  0
LINE
  5
1AA
330
1B
100
AcDbEntity
  8
F.Silkscreen
  6
CONTINUOUS
100
AcDbLine
 10
39.1630949999999984
 20
-23.7643419999999992
 30
0
 11
39.1630949999999984
 21
-22.9548190000000005
 31
0
  0
LINE
  5
1AB
330
1B
100
AcDbEntity
  8
F.Silkscreen
  6
CONTINUOUS
100
AcDbLine
 10
39.1630949999999984
 20
-22.9548190000000005
 30
0
 11
39.1645359999999982
 21
-22.9401869999999981
 31
0
  0
LINE
  5
1AC
330
1B
100
AcDbEntity
  8
F.Silkscreen
  6
CONTINUOUS
100
AcDbLine
 10
39.1645359999999982
 20
-22.9401869999999981
 30
0
 11
39.175734999999996
 21
-22.9131509999999992
 31
0
  0
LINE
  5
1AD
330
1B
100
AcDbEntity
  8
F.Silkscreen
  6
CONTINUOUS
100
AcDbLine
 10
39.175734999999996
 20
-22.9131509999999992
 30
0
 11
39.1964269999999999
 21
-22.8924589999999988
 31
0
  0
LINE
  5
1AE
330
1B
100
AcDbEntity
  8
F.Silkscreen
  6
CONTINUOUS
100
AcDbLine
 10
39.1964269999999999
 20
-22.8924589999999988
 30
0
 11
39.2234629999999953
 21
-22.8812599999999975
 31
0
  0
LINE
  5
1AF
330
1B
100
AcDbEntity
  8
F.Silkscreen
  6
CONTINUOUS
100
AcDbLine
 10
39.2234629999999953
 20
-22.8812599999999975
 30
0
 11
39.2527270000000001
 21
-22.8812599999999975
 31
0
  0
LINE
  5
1B0
330
1B
100
AcDbEntity
  8
F.Silkscreen
  6
CONTINUOUS
100
AcDbLine
 10
39.2527270000000001
 20
-22.8812599999999975
 30
0
 11
39.2797629999999955
 21
-22.8924589999999988
 31
0
  0
LINE
  5
1B1
330
1B
100
AcDbEntity
  8
F.Silkscreen
  6
CONTINUOUS
100
AcDbLine
 10
40.531013999999999
 20
-22.8812599999999975
 30
0
 11
40.5384409999999988
 21
-22.8812599999999975
 31
0
  0
LINE
  5
1B2
330
1B
100
AcDbEntity
  8
F.Silkscreen
  6
CONTINUOUS
100
AcDbLine
 10
40.5384409999999988
 20
-22.8812599999999975
 30
0
 11
40.5452289999999991
 21
-22.8840719999999997
 31
0
  0
LINE
  5
1B3
330
1B
100
AcDbEntity
  8
F.Silkscreen
  6
CONTINUOUS
100
AcDbLine
 10
40.5452289999999991
 20
-22.8840719999999997
 30
0
 11
40.5524379999999951
 21
-22.8854979999999983
 31
0
  0
LINE
  5
1B4
330
1B
100
AcDbEntity
  8
F.Silkscreen
  6
CONTINUOUS
100
AcDbLine
 10
40.5524379999999951
 20
-22.8854979999999983
 30
0
 11
40.5586169999999981
 21
-22.8896169999999977
 31
0
  0
LINE
  5
1B5
330
1B
100
AcDbEntity
  8
F.Silkscreen
  6
CONTINUOUS
100
AcDbLine
 10
40.5586169999999981
 20
-22.8896169999999977
 30
0
 11
40.5654770000000013
 21
-22.8924589999999988
 31
0
  0
LINE
  5
1B6
330
1B
100
AcDbEntity
  8
F.Silkscreen
  6
CONTINUOUS
100
AcDbLine
 10
40.5654770000000013
 20
-22.8924589999999988
 30
0
 11
40.5706699999999998
 21
-22.8976519999999972
 31
0
  0
LINE
  5
1B7
330
1B
100
AcDbEntity
  8
F.Silkscreen
  6
CONTINUOUS
100
AcDbLine
 10
40.5706699999999998
 20
-22.8976519999999972
 30
0
 11
40.5767869999999959
 21
-22.9017300000000006
 31
0
  0
LINE
  5
1B8
330
1B
100
AcDbEntity
  8
F.Silkscreen
  6
CONTINUOUS
100
AcDbLine
 10
40.5767869999999959
 20
-22.9017300000000006
 30
0
 11
40.580919999999999
 21
-22.907902
 31
0
  0
LINE
  5
1B9
330
1B
100
AcDbEntity
  8
F.Silkscreen
  6
CONTINUOUS
100
AcDbLine
 10
40.580919999999999
 20
-22.907902
 30
0
 11
40.5861689999999982
 21
-22.9131509999999992
 31
0
  0
LINE
  5
1BA
330
1B
100
AcDbEntity
  8
F.Silkscreen
  6
CONTINUOUS
100
AcDbLine
 10
40.5861689999999982
 20
-22.9131509999999992
 30
0
 11
40.5889799999999994
 21
-22.9199379999999984
 31
0
  0
LINE
  5
1BB
330
1B
100
AcDbEntity
  8
F.Silkscreen
  6
CONTINUOUS
100
AcDbLine
 10
40.5889799999999994
 20
-22.9199379999999984
 30
0
 11
40.5930699999999973
 21
-22.9260449999999985
 31
0
  0
LINE
  5
1BC
330
1B
100
AcDbEntity
  8
F.Silkscreen
  6
CONTINUOUS
100
AcDbLine
 10
40.5930699999999973
 20
-22.9260449999999985
 30
0
 11
40.5945259999999948
 21
-22.9333259999999974
 31
0
  0
LINE
  5
1BD
330
1B
100
AcDbEntity
  8
F.Silkscreen
  6
CONTINUOUS
100
AcDbLine
 10
40.5945259999999948
 20
-22.9333259999999974
 30
0
 11
40.5973679999999959
 21
-22.9401869999999981
 31
0
  0
LINE
  5
1BE
330
1B
100
AcDbEntity
  8
F.Silkscreen
  6
CONTINUOUS
100
AcDbLine
 10
40.5973679999999959
 20
-22.9401869999999981
 30
0
 11
40.5987930000000006
 21
-22.954663
 31
0
  0
LINE
  5
1BF
330
1B
100
AcDbEntity
  8
F.Silkscreen
  6
CONTINUOUS
100
AcDbLine
 10
40.5987930000000006
 20
-22.954663
 30
0
 11
40.5988089999999957
 21
-22.9547399999999975
 31
0
  0
LINE
  5
1C0
330
1B
100
AcDbEntity
  8
F.Silkscreen
  6
CONTINUOUS
100
AcDbLine
 10
40.5988089999999957
 20
-22.9547399999999975
 30
0
 11
40.5988029999999966
 21
-22.9547659999999993
 31
0
  0
LINE
  5
1C1
330
1B
100
AcDbEntity
  8
F.Silkscreen
  6
CONTINUOUS
100
AcDbLine
 10
40.5988029999999966
 20
-22.9547659999999993
 30
0
 11
40.5988089999999957
 21
-22.9548190000000005
 31
0
  0
LINE
  5
1C2
330
1B
100
AcDbEntity
  8
F.Silkscreen
  6
CONTINUOUS
100
AcDbLine
 10
40.5988089999999957
 20
-22.9548190000000005
 30
0
 11
40.5988089999999957
 21
-23.8798189999999977
 31
0
  0
LINE
  5
1C3
330
1B
100
AcDbEntity
  8
F.Silkscreen
  6
CONTINUOUS
100
AcDbLine
 10
40.5988089999999957
 20
-23.8798189999999977
 30
0
 11
40.8095229999999987
 21
-23.8798189999999977
 31
0
  0
LINE
  5
1C4
330
1B
100
AcDbEntity
  8
F.Silkscreen
  6
CONTINUOUS
100
AcDbLine
 10
40.8095229999999987
 20
-23.8798189999999977
 30
0
 11
40.8241549999999975
 21
-23.8812599999999975
 31
0
  0
LINE
  5
1C5
330
1B
100
AcDbEntity
  8
F.Silkscreen
  6
CONTINUOUS
100
AcDbLine
 10
40.8241549999999975
 20
-23.8812599999999975
 30
0
 11
40.851191
 21
-23.8924589999999988
 31
0
  0
LINE
  5
1C6
330
1B
100
AcDbEntity
  8
F.Silkscreen
  6
CONTINUOUS
100
AcDbLine
 10
40.851191
 20
-23.8924589999999988
 30
0
 11
40.8718829999999969
 21
-23.9131509999999992
 31
0
  0
LINE
  5
1C7
330
1B
100
AcDbEntity
  8
F.Silkscreen
  6
CONTINUOUS
100
AcDbLine
 10
40.8718829999999969
 20
-23.9131509999999992
 30
0
 11
40.8830820000000017
 21
-23.9401869999999981
 31
0
  0
LINE
  5
1C8
330
1B
100
AcDbEntity
  8
F.Silkscreen
  6
CONTINUOUS
100
AcDbLine
 10
40.8830820000000017
 20
-23.9401869999999981
 30
0
 11
40.8830820000000017
 21
-23.9694509999999994
 31
0
  0
LINE
  5
1C9
330
1B
100
AcDbEntity
  8
F.Silkscreen
  6
CONTINUOUS
100
AcDbLine
 10
40.8830820000000017
 20
-23.9694509999999994
 30
0
 11
40.8718829999999969
 21
-23.9964869999999983
 31
0
  0
LINE
  5
1CA
330
1B
100
AcDbEntity
  8
F.Silkscreen
  6
CONTINUOUS
100
AcDbLine
 10
40.8718829999999969
 20
-23.9964869999999983
 30
0
 11
40.851191
 21
-24.0171789999999987
 31
0
  0
LINE
  5
1CB
330
1B
100
AcDbEntity
  8
F.Silkscreen
  6
CONTINUOUS
100
AcDbLine
 10
40.851191
 20
-24.0171789999999987
 30
0
 11
40.8241549999999975
 21
-24.028378
 31
0
  0
LINE
  5
1CC
330
1B
100
AcDbEntity
  8
F.Silkscreen
  6
CONTINUOUS
100
AcDbLine
 10
40.8241549999999975
 20
-24.028378
 30
0
 11
40.8095229999999987
 21
-24.0298189999999998
 31
0
  0
LINE
  5
1CD
330
1B
100
AcDbEntity
  8
F.Silkscreen
  6
CONTINUOUS
100
AcDbLine
 10
40.8095229999999987
 20
-24.0298189999999998
 30
0
 11
40.2380950000000013
 21
-24.0298189999999998
 31
0
  0
LINE
  5
1CE
330
1B
100
AcDbEntity
  8
F.Silkscreen
  6
CONTINUOUS
100
AcDbLine
 10
40.2380950000000013
 20
-24.0298189999999998
 30
0
 11
40.2234629999999953
 21
-24.028378
 31
0
  0
LINE
  5
1CF
330
1B
100
AcDbEntity
  8
F.Silkscreen
  6
CONTINUOUS
100
AcDbLine
 10
40.2234629999999953
 20
-24.028378
 30
0
 11
40.1964269999999999
 21
-24.0171789999999987
 31
0
  0
LINE
  5
1D0
330
1B
100
AcDbEntity
  8
F.Silkscreen
  6
CONTINUOUS
100
AcDbLine
 10
40.1964269999999999
 20
-24.0171789999999987
 30
0
 11
40.175734999999996
 21
-23.9964869999999983
 31
0
  0
LINE
  5
1D1
330
1B
100
AcDbEntity
  8
F.Silkscreen
  6
CONTINUOUS
100
AcDbLine
 10
40.175734999999996
 20
-23.9964869999999983
 30
0
 11
40.1645359999999982
 21
-23.9694509999999994
 31
0
  0
LINE
  5
1D2
330
1B
100
AcDbEntity
  8
F.Silkscreen
  6
CONTINUOUS
100
AcDbLine
 10
40.1645359999999982
 20
-23.9694509999999994
 30
0
 11
40.1645359999999982
 21
-23.9401869999999981
 31
0
  0
LINE
  5
1D3
330
1B
100
AcDbEntity
  8
F.Silkscreen
  6
CONTINUOUS
100
AcDbLine
 10
40.1645359999999982
 20
-23.9401869999999981
 30
0
 11
40.175734999999996
 21
-23.9131509999999992
 31
0
  0
LINE
  5
1D4
330
1B
100
AcDbEntity
  8
F.Silkscreen
  6
CONTINUOUS
100
AcDbLine
 10
40.175734999999996
 20
-23.9131509999999992
 30
0
 11
40.1964269999999999
 21
-23.8924589999999988
 31
0
  0
LINE
  5
1D5
330
1B
100
AcDbEntity
  8
F.Silkscreen
  6
CONTINUOUS
100
AcDbLine
 10
40.1964269999999999
 20
-23.8924589999999988
 30
0
 11
40.2234629999999953
 21
-23.8812599999999975
 31
0
  0
LINE
  5
1D6
330
1B
100
AcDbEntity
  8
F.Silkscreen
  6
CONTINUOUS
100
AcDbLine
 10
40.2234629999999953
 20
-23.8812599999999975
 30
0
 11
40.2380950000000013
 21
-23.8798189999999977
 31
0
  0
LINE
  5
1D7
330
1B
100
AcDbEntity
  8
F.Silkscreen
  6
CONTINUOUS
100
AcDbLine
 10
40.2380950000000013
 20
-23.8798189999999977
 30
0
 11
40.4488089999999971
 21
-23.8798189999999977
 31
0
  0
LINE
  5
1D8
330
1B
100
AcDbEntity
  8
F.Silkscreen
  6
CONTINUOUS
100
AcDbLine
 10
40.4488089999999971
 20
-23.8798189999999977
 30
0
 11
40.4488089999999971
 21
-23.1835039999999992
 31
0
  0
LINE
  5
1D9
330
1B
100
AcDbEntity
  8
F.Silkscreen
  6
CONTINUOUS
100
AcDbLine
 10
40.4488089999999971
 20
-23.1835039999999992
 30
0
 11
40.3863659999999953
 21
-23.2459469999999975
 31
0
  0
LINE
  5
1DA
330
1B
100
AcDbEntity
  8
F.Silkscreen
  6
CONTINUOUS
100
AcDbLine
 10
40.3863659999999953
 20
-23.2459469999999975
 30
0
 11
40.3806159999999963
 21
-23.2506649999999979
 31
0
  0
LINE
  5
1DB
330
1B
100
AcDbEntity
  8
F.Silkscreen
  6
CONTINUOUS
100
AcDbLine
 10
40.3806159999999963
 20
-23.2506649999999979
 30
0
 11
40.3793170000000003
 21
-23.2521640000000005
 31
0
  0
LINE
  5
1DC
330
1B
100
AcDbEntity
  8
F.Silkscreen
  6
CONTINUOUS
100
AcDbLine
 10
40.3793170000000003
 20
-23.2521640000000005
 30
0
 11
40.3770570000000006
 21
-23.2535849999999975
 31
0
  0
LINE
  5
1DD
330
1B
100
AcDbEntity
  8
F.Silkscreen
  6
CONTINUOUS
100
AcDbLine
 10
40.3770570000000006
 20
-23.2535849999999975
 30
0
 11
40.3750009999999975
 21
-23.255274
 31
0
  0
LINE
  5
1DE
330
1B
100
AcDbEntity
  8
F.Silkscreen
  6
CONTINUOUS
100
AcDbLine
 10
40.3750009999999975
 20
-23.255274
 30
0
 11
40.3731730000000013
 21
-23.2560310000000001
 31
0
  0
LINE
  5
1DF
330
1B
100
AcDbEntity
  8
F.Silkscreen
  6
CONTINUOUS
100
AcDbLine
 10
40.3731730000000013
 20
-23.2560310000000001
 30
0
 11
40.3668739999999957
 21
-23.2599959999999975
 31
0
  0
LINE
  5
1E0
330
1B
100
AcDbEntity
  8
F.Silkscreen
  6
CONTINUOUS
100
AcDbLine
 10
40.3668739999999957
 20
-23.2599959999999975
 30
0
 11
40.2716360000000009
 21
-23.3076149999999984
 31
0
  0
LINE
  5
1E1
330
1B
100
AcDbEntity
  8
F.Silkscreen
  6
CONTINUOUS
100
AcDbLine
 10
40.2716360000000009
 20
-23.3076149999999984
 30
0
 11
40.2579039999999964
 21
-23.3128700000000002
 31
0
  0
LINE
  5
1E2
330
1B
100
AcDbEntity
  8
F.Silkscreen
  6
CONTINUOUS
100
AcDbLine
 10
40.2579039999999964
 20
-23.3128700000000002
 30
0
 11
40.2287139999999965
 21
-23.3149440000000006
 31
0
  0
LINE
  5
1E3
330
1B
100
AcDbEntity
  8
F.Silkscreen
  6
CONTINUOUS
100
AcDbLine
 10
40.2287139999999965
 20
-23.3149440000000006
 30
0
 11
40.2009529999999984
 21
-23.3056899999999985
 31
0
  0
LINE
  5
1E4
330
1B
100
AcDbEntity
  8
F.Silkscreen
  6
CONTINUOUS
100
AcDbLine
 10
40.2009529999999984
 20
-23.3056899999999985
 30
0
 11
40.1788449999999955
 21
-23.2865169999999999
 31
0
  0
LINE
  5
1E5
330
1B
100
AcDbEntity
  8
F.Silkscreen
  6
CONTINUOUS
100
AcDbLine
 10
40.1788449999999955
 20
-23.2865169999999999
 30
0
 11
40.1657579999999967
 21
-23.2603419999999979
 31
0
  0
LINE
  5
1E6
330
1B
100
AcDbEntity
  8
F.Silkscreen
  6
CONTINUOUS
100
AcDbLine
 10
40.1657579999999967
 20
-23.2603419999999979
 30
0
 11
40.1636839999999964
 21
-23.231151999999998
 31
0
  0
LINE
  5
1E7
330
1B
100
AcDbEntity
  8
F.Silkscreen
  6
CONTINUOUS
100
AcDbLine
 10
40.1636839999999964
 20
-23.231151999999998
 30
0
 11
40.1729379999999949
 21
-23.2033909999999999
 31
0
  0
LINE
  5
1E8
330
1B
100
AcDbEntity
  8
F.Silkscreen
  6
CONTINUOUS
100
AcDbLine
 10
40.1729379999999949
 20
-23.2033909999999999
 30
0
 11
40.192110999999997
 21
-23.1812830000000005
 31
0
  0
LINE
  5
1E9
330
1B
100
AcDbEntity
  8
F.Silkscreen
  6
CONTINUOUS
100
AcDbLine
 10
40.192110999999997
 20
-23.1812830000000005
 30
0
 11
40.2045540000000017
 21
-23.173451
 31
0
  0
LINE
  5
1EA
330
1B
100
AcDbEntity
  8
F.Silkscreen
  6
CONTINUOUS
100
AcDbLine
 10
40.2045540000000017
 20
-23.173451
 30
0
 11
40.2889059999999972
 21
-23.1312749999999987
 31
0
  0
LINE
  5
1EB
330
1B
100
AcDbEntity
  8
F.Silkscreen
  6
CONTINUOUS
100
AcDbLine
 10
40.2889059999999972
 20
-23.1312749999999987
 30
0
 11
40.3702849999999955
 21
-23.0498960000000004
 31
0
  0
LINE
  5
1EC
330
1B
100
AcDbEntity
  8
F.Silkscreen
  6
CONTINUOUS
100
AcDbLine
 10
40.3702849999999955
 20
-23.0498960000000004
 30
0
 11
40.4614049999999992
 21
-22.9132159999999985
 31
0
  0
LINE
  5
1ED
330
1B
100
AcDbEntity
  8
F.Silkscreen
  6
CONTINUOUS
100
AcDbLine
 10
40.4614049999999992
 20
-22.9132159999999985
 30
0
 11
40.4614389999999986
 21
-22.9131730000000005
 31
0
  0
LINE
  5
1EE
330
1B
100
AcDbEntity
  8
F.Silkscreen
  6
CONTINUOUS
100
AcDbLine
 10
40.4614389999999986
 20
-22.9131730000000005
 30
0
 11
40.4614489999999947
 21
-22.9131509999999992
 31
0
  0
LINE
  5
1EF
330
1B
100
AcDbEntity
  8
F.Silkscreen
  6
CONTINUOUS
100
AcDbLine
 10
40.4614489999999947
 20
-22.9131509999999992
 30
0
 11
40.4615000000000009
 21
-22.913098999999999
 31
0
  0
LINE
  5
1F0
330
1B
100
AcDbEntity
  8
F.Silkscreen
  6
CONTINUOUS
100
AcDbLine
 10
40.4615000000000009
 20
-22.913098999999999
 30
0
 11
40.4707209999999975
 21
-22.9018409999999975
 31
0
  0
LINE
  5
1F1
330
1B
100
AcDbEntity
  8
F.Silkscreen
  6
CONTINUOUS
100
AcDbLine
 10
40.4707209999999975
 20
-22.9018409999999975
 30
0
 11
40.4768899999999974
 21
-22.897708999999999
 31
0
  0
LINE
  5
1F2
330
1B
100
AcDbEntity
  8
F.Silkscreen
  6
CONTINUOUS
100
AcDbLine
 10
40.4768899999999974
 20
-22.897708999999999
 30
0
 11
40.4821409999999986
 21
-22.8924589999999988
 31
0
  0
LINE
  5
1F3
330
1B
100
AcDbEntity
  8
F.Silkscreen
  6
CONTINUOUS
100
AcDbLine
 10
40.4821409999999986
 20
-22.8924589999999988
 30
0
 11
40.4889299999999963
 21
-22.889645999999999
 31
0
  0
LINE
  5
1F4
330
1B
100
AcDbEntity
  8
F.Silkscreen
  6
CONTINUOUS
100
AcDbLine
 10
40.4889299999999963
 20
-22.889645999999999
 30
0
 11
40.4950359999999989
 21
-22.8855579999999996
 31
0
  0
LINE
  5
1F5
330
1B
100
AcDbEntity
  8
F.Silkscreen
  6
CONTINUOUS
100
AcDbLine
 10
40.4950359999999989
 20
-22.8855579999999996
 30
0
 11
40.5023160000000004
 21
-22.8841009999999976
 31
0
  0
LINE
  5
1F6
330
1B
100
AcDbEntity
  8
F.Silkscreen
  6
CONTINUOUS
100
AcDbLine
 10
40.5023160000000004
 20
-22.8841009999999976
 30
0
 11
40.5091770000000011
 21
-22.8812599999999975
 31
0
  0
LINE
  5
1F7
330
1B
100
AcDbEntity
  8
F.Silkscreen
  6
CONTINUOUS
100
AcDbLine
 10
40.5091770000000011
 20
-22.8812599999999975
 30
0
 11
40.5165250000000015
 21
-22.8812599999999975
 31
0
  0
LINE
  5
1F8
330
1B
100
AcDbEntity
  8
F.Silkscreen
  6
CONTINUOUS
100
AcDbLine
 10
40.5165250000000015
 20
-22.8812599999999975
 30
0
 11
40.5237300000000005
 21
-22.8798189999999977
 31
0
  0
LINE
  5
1F9
330
1B
100
AcDbEntity
  8
F.Silkscreen
  6
CONTINUOUS
100
AcDbLine
 10
40.5237300000000005
 20
-22.8798189999999977
 30
0
 11
40.531013999999999
 21
-22.8812599999999975
 31
0
  0
LINE
  5
1FA
330
1B
100
AcDbEntity
  8
F.Silkscreen
  6
CONTINUOUS
100
AcDbLine
 10
30.0146319999999989
 20
-16.9264410000000005
 30
0
 11
30.0416679999999978
 21
-16.9376399999999983
 31
0
  0
LINE
  5
1FB
330
1B
100
AcDbEntity
  8
F.Silkscreen
  6
CONTINUOUS
100
AcDbLine
 10
30.0416679999999978
 20
-16.9376399999999983
 30
0
 11
30.0623599999999982
 21
-16.9583319999999986
 31
0
  0
LINE
  5
1FC
330
1B
100
AcDbEntity
  8
F.Silkscreen
  6
CONTINUOUS
100
AcDbLine
 10
30.0623599999999982
 20
-16.9583319999999986
 30
0
 11
30.0735589999999995
 21
-16.9853679999999976
 31
0
  0
LINE
  5
1FD
330
1B
100
AcDbEntity
  8
F.Silkscreen
  6
CONTINUOUS
100
AcDbLine
 10
30.0735589999999995
 20
-16.9853679999999976
 30
0
 11
30.0749999999999993
 21
-17.
 31
0
  0
LINE
  5
1FE
330
1B
100
AcDbEntity
  8
F.Silkscreen
  6
CONTINUOUS
100
AcDbLine
 10
30.0749999999999993
 20
-17.
 30
0
 11
30.0749999999999993
 21
-21.
 31
0
  0
LINE
  5
1FF
330
1B
100
AcDbEntity
  8
F.Silkscreen
  6
CONTINUOUS
100
AcDbLine
 10
30.0749999999999993
 20
-21.
 30
0
 11
30.0735589999999995
 21
-21.0146319999999989
 31
0
  0
LINE
  5
200
330
1B
100
AcDbEntity
  8
F.Silkscreen
  6
CONTINUOUS
100
AcDbLine
 10
30.0735589999999995
 20
-21.0146319999999989
 30
0
 11
30.0623599999999982
 21
-21.0416679999999978
 31
0
  0
LINE
  5
201
330
1B
100
AcDbEntity
  8
F.Silkscreen
  6
CONTINUOUS
100
AcDbLine
 10
30.0623599999999982
 20
-21.0416679999999978
 30
0
 11
30.0416679999999978
 21
-21.0623599999999982
 31
0
  0
LINE
  5
202
330
1B
100
AcDbEntity
  8
F.Silkscreen
  6
CONTINUOUS
100
AcDbLine
 10
30.0416679999999978
 20
-21.0623599999999982
 30
0
 11
30.0146319999999989
 21
-21.0735589999999995
 31
0
  0
LINE
  5
203
330
1B
100
AcDbEntity
  8
F.Silkscreen
  6
CONTINUOUS
100
AcDbLine
 10
30.0146319999999989
 20
-21.0735589999999995
 30
0
 11
30.
 21
-21.0749999999999993
 31
0
  0
LINE
  5
204
330
1B
100
AcDbEntity
  8
F.Silkscreen
  6
CONTINUOUS
100
AcDbLine
 10
30.
 20
-21.0749999999999993
 30
0
 11
22.
 21
-21.0749999999999993
 31
0
  0
LINE
  5
205
330
1B
100
AcDbEntity
  8
F.Silkscreen
  6
CONTINUOUS
100
AcDbLine
 10
22.
 20
-21.0749999999999993
 30
0
 11
21.9853679999999976
 21
-21.0735589999999995
 31
0
  0
LINE
  5
206
330
1B
100
AcDbEntity
  8
F.Silkscreen
  6
CONTINUOUS
100
AcDbLine
 10
21.9853679999999976
 20
-21.0735589999999995
 30
0
 11
21.9583319999999986
 21
-21.0623599999999982
 31
0
  0
LINE
  5
207
330
1B
100
AcDbEntity
  8
F.Silkscreen
  6
CONTINUOUS
100
AcDbLine
 10
21.9583319999999986
 20
-21.0623599999999982
 30
0
 11
21.9376399999999983
 21
-21.0416679999999978
 31
0
  0
LINE
  5
208
330
1B
100
AcDbEntity
  8
F.Silkscreen
  6
CONTINUOUS
100
AcDbLine
 10
21.9376399999999983
 20
-21.0416679999999978
 30
0
 11
21.9264410000000005
 21
-21.0146319999999989
 31
0
  0
LINE
  5
209
330
1B
100
AcDbEntity
  8
F.Silkscreen
  6
CONTINUOUS
100
AcDbLine
 10
21.9264410000000005
 20
-21.0146319999999989
 30
0
 11
21.9250000000000007
 21
-21.
 31
0
  0
LINE
  5
20A
330
1B
100
AcDbEntity
  8
F.Silkscreen
  6
CONTINUOUS
100
AcDbLine
 10
21.9250000000000007
 20
-21.
 30
0
 11
21.9250000000000007
 21
-17.
 31
0
  0
LINE
  5
20B
330
1B
100
AcDbEntity
  8
F.Silkscreen
  6
CONTINUOUS
100
AcDbLine
 10
21.9250000000000007
 20
-17.
 30
0
 11
21.9264410000000005
 21
-16.9853679999999976
 31
0
  0
LINE
  5
20C
330
1B
100
AcDbEntity
  8
F.Silkscreen
  6
CONTINUOUS
100
AcDbLine
 10
21.9264410000000005
 20
-16.9853679999999976
 30
0
 11
21.9376399999999983
 21
-16.9583319999999986
 31
0
  0
LINE
  5
20D
330
1B
100
AcDbEntity
  8
F.Silkscreen
  6
CONTINUOUS
100
AcDbLine
 10
21.9376399999999983
 20
-16.9583319999999986
 30
0
 11
21.9583319999999986
 21
-16.9376399999999983
 31
0
  0
LINE
  5
20E
330
1B
100
AcDbEntity
  8
F.Silkscreen
  6
CONTINUOUS
100
AcDbLine
 10
21.9583319999999986
 20
-16.9376399999999983
 30
0
 11
21.9853679999999976
 21
-16.9264410000000005
 31
0
  0
LINE
  5
20F
330
1B
100
AcDbEntity
  8
F.Silkscreen
  6
CONTINUOUS
100
AcDbLine
 10
21.9853679999999976
 20
-16.9264410000000005
 30
0
 11
22.
 21
-16.9250000000000007
 31
0
  0
LINE
  5
210
330
1B
100
AcDbEntity
  8
F.Silkscreen
  6
CONTINUOUS
100
AcDbLine
 10
22.
 20
-16.9250000000000007
 30
0
 11
30.
 21
-16.9250000000000007
 31
0
  0
LINE
  5
211
330
1B
100
AcDbEntity
  8
F.Silkscreen
  6
CONTINUOUS
100
AcDbLine
 10
30.
 20
-16.9250000000000007
 30
0
 11
30.0146319999999989
 21
-16.9264410000000005
 31
0
  0
LINE
  5
212
330
1B
100
AcDbEntity
  8
F.Silkscreen
  6
CONTINUOUS
100
AcDbLine
 10
22.0749999999999993
 20
-17.0749999999999993
 30
0
 11
22.0749999999999993
 21
-20.9250000000000007
 31
0
  0
LINE
  5
213
330
1B
100
AcDbEntity
  8
F.Silkscreen
  6
CONTINUOUS
100
AcDbLine
 10
22.0749999999999993
 20
-20.9250000000000007
 30
0
 11
29.9249999999999972
 21
-20.9250000000000007
 31
0
  0
LINE
  5
214
330
1B
100
AcDbEntity
  8
F.Silkscreen
  6
CONTINUOUS
100
AcDbLine
 10
29.9249999999999972
 20
-20.9250000000000007
 30
0
 11
29.9249999999999972
 21
-17.0749999999999993
 31
0
  0
LINE
  5
215
330
1B
100
AcDbEntity
  8
F.Silkscreen
  6
CONTINUOUS
100
AcDbLine
 10
29.9249999999999972
 20
-17.0749999999999993
 30
0
 11
22.0749999999999993
 21
-17.0749999999999993
 31
0
  0
LINE
  5
216
330
1B
100
AcDbEntity
  8
F.Silkscreen
  6
CONTINUOUS
100
AcDbLine
 10
51.3653720000000007
 20
-18.2079489999999993
 30
0
 11
51.3744209999999981
 21
-18.2116970000000009
 31
0
  0
LINE
  5
217
330
1B
100
AcDbEntity
  8
F.Silkscreen
  6
CONTINUOUS
100
AcDbLine
 10
51.3744209999999981
 20
-18.2116970000000009
 30
0
 11
51.3840349999999972
 21
-18.2135989999999985
 31
0
  0
LINE
  5
218
330
1B
100
AcDbEntity
  8
F.Silkscreen
  6
CONTINUOUS
100
AcDbLine
 10
51.3840349999999972
 20
-18.2135989999999985
 30
0
 11
51.3922759999999954
 21
-18.2190930000000009
 31
0
  0
LINE
  5
219
330
1B
100
AcDbEntity
  8
F.Silkscreen
  6
CONTINUOUS
100
AcDbLine
 10
51.3922759999999954
 20
-18.2190930000000009
 30
0
 11
51.4014199999999946
 21
-18.2228809999999974
 31
0
  0
LINE
  5
21A
330
1B
100
AcDbEntity
  8
F.Silkscreen
  6
CONTINUOUS
100
AcDbLine
 10
51.4014199999999946
 20
-18.2228809999999974
 30
0
 11
51.4083449999999971
 21
-18.229806
 31
0
  0
LINE
  5
21B
330
1B
100
AcDbEntity
  8
F.Silkscreen
  6
CONTINUOUS
100
AcDbLine
 10
51.4083449999999971
 20
-18.229806
 30
0
 11
51.4164999999999992
 21
-18.2352430000000005
 31
0
  0
LINE
  5
21C
330
1B
100
AcDbEntity
  8
F.Silkscreen
  6
CONTINUOUS
100
AcDbLine
 10
51.4164999999999992
 20
-18.2352430000000005
 30
0
 11
51.4220100000000002
 21
-18.2434709999999995
 31
0
  0
LINE
  5
21D
330
1B
100
AcDbEntity
  8
F.Silkscreen
  6
CONTINUOUS
100
AcDbLine
 10
51.4220100000000002
 20
-18.2434709999999995
 30
0
 11
51.4290099999999981
 21
-18.2504709999999974
 31
0
  0
LINE
  5
21E
330
1B
100
AcDbEntity
  8
F.Silkscreen
  6
CONTINUOUS
100
AcDbLine
 10
51.4290099999999981
 20
-18.2504709999999974
 30
0
 11
51.4327589999999972
 21
-18.2595220000000005
 31
0
  0
LINE
  5
21F
330
1B
100
AcDbEntity
  8
F.Silkscreen
  6
CONTINUOUS
100
AcDbLine
 10
51.4327589999999972
 20
-18.2595220000000005
 30
0
 11
51.4382109999999955
 21
-18.2676629999999989
 31
0
  0
LINE
  5
220
330
1B
100
AcDbEntity
  8
F.Silkscreen
  6
CONTINUOUS
100
AcDbLine
 10
51.4382109999999955
 20
-18.2676629999999989
 30
0
 11
51.4401519999999977
 21
-18.2773699999999977
 31
0
  0
LINE
  5
221
330
1B
100
AcDbEntity
  8
F.Silkscreen
  6
CONTINUOUS
100
AcDbLine
 10
51.4401519999999977
 20
-18.2773699999999977
 30
0
 11
51.4439419999999998
 21
-18.2865189999999984
 31
0
  0
LINE
  5
222
330
1B
100
AcDbEntity
  8
F.Silkscreen
  6
CONTINUOUS
100
AcDbLine
 10
51.4439419999999998
 20
-18.2865189999999984
 30
0
 11
51.4439419999999998
 21
-18.2963179999999994
 31
0
  0
LINE
  5
223
330
1B
100
AcDbEntity
  8
F.Silkscreen
  6
CONTINUOUS
100
AcDbLine
 10
51.4439419999999998
 20
-18.2963179999999994
 30
0
 11
51.4458629999999957
 21
-18.3059229999999999
 31
0
  0
LINE
  5
224
330
1B
100
AcDbEntity
  8
F.Silkscreen
  6
CONTINUOUS
100
AcDbLine
 10
51.4458629999999957
 20
-18.3059229999999999
 30
0
 11
51.4439419999999998
 21
-18.3156350000000003
 31
0
  0
LINE
  5
225
330
1B
100
AcDbEntity
  8
F.Silkscreen
  6
CONTINUOUS
100
AcDbLine
 10
51.4439419999999998
 20
-18.3156350000000003
 30
0
 11
51.4439419999999998
 21
-18.3255370000000006
 31
0
  0
LINE
  5
226
330
1B
100
AcDbEntity
  8
F.Silkscreen
  6
CONTINUOUS
100
AcDbLine
 10
51.4439419999999998
 20
-18.3255370000000006
 30
0
 11
51.4401930000000007
 21
-18.3345859999999981
 31
0
  0
LINE
  5
227
330
1B
100
AcDbEntity
  8
F.Silkscreen
  6
CONTINUOUS
100
AcDbLine
 10
51.4401930000000007
 20
-18.3345859999999981
 30
0
 11
51.438291999999997
 21
-18.3442000000000007
 31
0
  0
LINE
  5
228
330
1B
100
AcDbEntity
  8
F.Silkscreen
  6
CONTINUOUS
100
AcDbLine
 10
51.438291999999997
 20
-18.3442000000000007
 30
0
 11
51.4290680000000009
 21
-18.3614979999999974
 31
0
  0
LINE
  5
229
330
1B
100
AcDbEntity
  8
F.Silkscreen
  6
CONTINUOUS
100
AcDbLine
 10
51.4290680000000009
 20
-18.3614979999999974
 30
0
 11
50.5327149999999961
 21
-19.7060279999999999
 31
0
  0
LINE
  5
22A
330
1B
100
AcDbEntity
  8
F.Silkscreen
  6
CONTINUOUS
100
AcDbLine
 10
50.5327149999999961
 20
-19.7060279999999999
 30
0
 11
51.3458629999999943
 21
-19.7060279999999999
 31
0
  0
LINE
  5
22B
330
1B
100
AcDbEntity
  8
F.Silkscreen
  6
CONTINUOUS
100
AcDbLine
 10
51.3458629999999943
 20
-19.7060279999999999
 30
0
 11
51.3653720000000007
 21
-19.7079489999999993
 31
0
  0
LINE
  5
22C
330
1B
100
AcDbEntity
  8
F.Silkscreen
  6
CONTINUOUS
100
AcDbLine
 10
51.3653720000000007
 20
-19.7079489999999993
 30
0
 11
51.4014199999999946
 21
-19.7228809999999974
 31
0
  0
LINE
  5
22D
330
1B
100
AcDbEntity
  8
F.Silkscreen
  6
CONTINUOUS
100
AcDbLine
 10
51.4014199999999946
 20
-19.7228809999999974
 30
0
 11
51.4290099999999981
 21
-19.7504709999999974
 31
0
  0
LINE
  5
22E
330
1B
100
AcDbEntity
  8
F.Silkscreen
  6
CONTINUOUS
100
AcDbLine
 10
51.4290099999999981
 20
-19.7504709999999974
 30
0
 11
51.4439419999999998
 21
-19.7865189999999984
 31
0
  0
LINE
  5
22F
330
1B
100
AcDbEntity
  8
F.Silkscreen
  6
CONTINUOUS
100
AcDbLine
 10
51.4439419999999998
 20
-19.7865189999999984
 30
0
 11
51.4439419999999998
 21
-19.8255370000000006
 31
0
  0
LINE
  5
230
330
1B
100
AcDbEntity
  8
F.Silkscreen
  6
CONTINUOUS
100
AcDbLine
 10
51.4439419999999998
 20
-19.8255370000000006
 30
0
 11
51.4290099999999981
 21
-19.861584999999998
 31
0
  0
LINE
  5
231
330
1B
100
AcDbEntity
  8
F.Silkscreen
  6
CONTINUOUS
100
AcDbLine
 10
51.4290099999999981
 20
-19.861584999999998
 30
0
 11
51.4014199999999946
 21
-19.8891749999999981
 31
0
  0
LINE
  5
232
330
1B
100
AcDbEntity
  8
F.Silkscreen
  6
CONTINUOUS
100
AcDbLine
 10
51.4014199999999946
 20
-19.8891749999999981
 30
0
 11
51.3653720000000007
 21
-19.9041069999999998
 31
0
  0
LINE
  5
233
330
1B
100
AcDbEntity
  8
F.Silkscreen
  6
CONTINUOUS
100
AcDbLine
 10
51.3653720000000007
 20
-19.9041069999999998
 30
0
 11
51.3458629999999943
 21
-19.9060279999999992
 31
0
  0
LINE
  5
234
330
1B
100
AcDbEntity
  8
F.Silkscreen
  6
CONTINUOUS
100
AcDbLine
 10
51.3458629999999943
 20
-19.9060279999999992
 30
0
 11
50.3459679999999992
 21
-19.9060279999999992
 31
0
  0
LINE
  5
235
330
1B
100
AcDbEntity
  8
F.Silkscreen
  6
CONTINUOUS
100
AcDbLine
 10
50.3459679999999992
 20
-19.9060279999999992
 30
0
 11
50.3458629999999943
 21
-19.9060279999999992
 31
0
  0
LINE
  5
236
330
1B
100
AcDbEntity
  8
F.Silkscreen
  6
CONTINUOUS
100
AcDbLine
 10
50.3458629999999943
 20
-19.9060279999999992
 30
0
 11
50.3263539999999949
 21
-19.9041069999999998
 31
0
  0
LINE
  5
237
330
1B
100
AcDbEntity
  8
F.Silkscreen
  6
CONTINUOUS
100
AcDbLine
 10
50.3263539999999949
 20
-19.9041069999999998
 30
0
 11
50.3173010000000005
 21
-19.9003569999999996
 31
0
  0
LINE
  5
238
330
1B
100
AcDbEntity
  8
F.Silkscreen
  6
CONTINUOUS
100
AcDbLine
 10
50.3173010000000005
 20
-19.9003569999999996
 30
0
 11
50.3076909999999984
 21
-19.8984559999999995
 31
0
  0
LINE
  5
239
330
1B
100
AcDbEntity
  8
F.Silkscreen
  6
CONTINUOUS
100
AcDbLine
 10
50.3076909999999984
 20
-19.8984559999999995
 30
0
 11
50.2994519999999952
 21
-19.8929629999999982
 31
0
  0
LINE
  5
23A
330
1B
100
AcDbEntity
  8
F.Silkscreen
  6
CONTINUOUS
100
AcDbLine
 10
50.2994519999999952
 20
-19.8929629999999982
 30
0
 11
50.2903060000000011
 21
-19.8891749999999981
 31
0
  0
LINE
  5
23B
330
1B
100
AcDbEntity
  8
F.Silkscreen
  6
CONTINUOUS
100
AcDbLine
 10
50.2903060000000011
 20
-19.8891749999999981
 30
0
 11
50.2833789999999965
 21
-19.8822480000000006
 31
0
  0
LINE
  5
23C
330
1B
100
AcDbEntity
  8
F.Silkscreen
  6
CONTINUOUS
100
AcDbLine
 10
50.2833789999999965
 20
-19.8822480000000006
 30
0
 11
50.2752259999999964
 21
-19.8768129999999985
 31
0
  0
LINE
  5
23D
330
1B
100
AcDbEntity
  8
F.Silkscreen
  6
CONTINUOUS
100
AcDbLine
 10
50.2752259999999964
 20
-19.8768129999999985
 30
0
 11
50.2697149999999979
 21
-19.8685839999999985
 31
0
  0
LINE
  5
23E
330
1B
100
AcDbEntity
  8
F.Silkscreen
  6
CONTINUOUS
100
AcDbLine
 10
50.2697149999999979
 20
-19.8685839999999985
 30
0
 11
50.2627159999999975
 21
-19.861584999999998
 31
0
  0
LINE
  5
23F
330
1B
100
AcDbEntity
  8
F.Silkscreen
  6
CONTINUOUS
100
AcDbLine
 10
50.2627159999999975
 20
-19.861584999999998
 30
0
 11
50.2589660000000009
 21
-19.8525329999999975
 31
0
  0
LINE
  5
240
330
1B
100
AcDbEntity
  8
F.Silkscreen
  6
CONTINUOUS
100
AcDbLine
 10
50.2589660000000009
 20
-19.8525329999999975
 30
0
 11
50.2535150000000002
 21
-19.8443930000000002
 31
0
  0
LINE
  5
241
330
1B
100
AcDbEntity
  8
F.Silkscreen
  6
CONTINUOUS
100
AcDbLine
 10
50.2535150000000002
 20
-19.8443930000000002
 30
0
 11
50.2515730000000005
 21
-19.8346850000000003
 31
0
  0
LINE
  5
242
330
1B
100
AcDbEntity
  8
F.Silkscreen
  6
CONTINUOUS
100
AcDbLine
 10
50.2515730000000005
 20
-19.8346850000000003
 30
0
 11
50.2477839999999958
 21
-19.8255370000000006
 31
0
  0
LINE
  5
243
330
1B
100
AcDbEntity
  8
F.Silkscreen
  6
CONTINUOUS
100
AcDbLine
 10
50.2477839999999958
 20
-19.8255370000000006
 30
0
 11
50.2477839999999958
 21
-19.8157379999999996
 31
0
  0
LINE
  5
244
330
1B
100
AcDbEntity
  8
F.Silkscreen
  6
CONTINUOUS
100
AcDbLine
 10
50.2477839999999958
 20
-19.8157379999999996
 30
0
 11
50.2458629999999999
 21
-19.8061329999999991
 31
0
  0
LINE
  5
245
330
1B
100
AcDbEntity
  8
F.Silkscreen
  6
CONTINUOUS
100
AcDbLine
 10
50.2458629999999999
 20
-19.8061329999999991
 30
0
 11
50.2477839999999958
 21
-19.7964219999999997
 31
0
  0
LINE
  5
246
330
1B
100
AcDbEntity
  8
F.Silkscreen
  6
CONTINUOUS
100
AcDbLine
 10
50.2477839999999958
 20
-19.7964219999999997
 30
0
 11
50.2477839999999958
 21
-19.7865189999999984
 31
0
  0
LINE
  5
247
330
1B
100
AcDbEntity
  8
F.Silkscreen
  6
CONTINUOUS
100
AcDbLine
 10
50.2477839999999958
 20
-19.7865189999999984
 30
0
 11
50.2515329999999949
 21
-19.7774660000000004
 31
0
  0
LINE
  5
248
330
1B
100
AcDbEntity
  8
F.Silkscreen
  6
CONTINUOUS
100
AcDbLine
 10
50.2515329999999949
 20
-19.7774660000000004
 30
0
 11
50.2534349999999961
 21
-19.7678559999999983
 31
0
  0
LINE
  5
249
330
1B
100
AcDbEntity
  8
F.Silkscreen
  6
CONTINUOUS
100
AcDbLine
 10
50.2534349999999961
 20
-19.7678559999999983
 30
0
 11
50.2626579999999947
 21
-19.7505579999999981
 31
0
  0
LINE
  5
24A
330
1B
100
AcDbEntity
  8
F.Silkscreen
  6
CONTINUOUS
100
AcDbLine
 10
50.2626579999999947
 20
-19.7505579999999981
 30
0
 11
51.1590109999999996
 21
-18.4060279999999992
 31
0
  0
LINE
  5
24B
330
1B
100
AcDbEntity
  8
F.Silkscreen
  6
CONTINUOUS
100
AcDbLine
 10
51.1590109999999996
 20
-18.4060279999999992
 30
0
 11
50.3458629999999943
 21
-18.4060279999999992
 31
0
  0
LINE
  5
24C
330
1B
100
AcDbEntity
  8
F.Silkscreen
  6
CONTINUOUS
100
AcDbLine
 10
50.3458629999999943
 20
-18.4060279999999992
 30
0
 11
50.3263539999999949
 21
-18.4041069999999998
 31
0
  0
LINE
  5
24D
330
1B
100
AcDbEntity
  8
F.Silkscreen
  6
CONTINUOUS
100
AcDbLine
 10
50.3263539999999949
 20
-18.4041069999999998
 30
0
 11
50.2903060000000011
 21
-18.3891749999999981
 31
0
  0
LINE
  5
24E
330
1B
100
AcDbEntity
  8
F.Silkscreen
  6
CONTINUOUS
100
AcDbLine
 10
50.2903060000000011
 20
-18.3891749999999981
 30
0
 11
50.2627159999999975
 21
-18.361584999999998
 31
0
  0
LINE
  5
24F
330
1B
100
AcDbEntity
  8
F.Silkscreen
  6
CONTINUOUS
100
AcDbLine
 10
50.2627159999999975
 20
-18.361584999999998
 30
0
 11
50.2477839999999958
 21
-18.3255370000000006
 31
0
  0
LINE
  5
250
330
1B
100
AcDbEntity
  8
F.Silkscreen
  6
CONTINUOUS
100
AcDbLine
 10
50.2477839999999958
 20
-18.3255370000000006
 30
0
 11
50.2477839999999958
 21
-18.2865189999999984
 31
0
  0
LINE
  5
251
330
1B
100
AcDbEntity
  8
F.Silkscreen
  6
CONTINUOUS
100
AcDbLine
 10
50.2477839999999958
 20
-18.2865189999999984
 30
0
 11
50.2627159999999975
 21
-18.2504709999999974
 31
0
  0
LINE
  5
252
330
1B
100
AcDbEntity
  8
F.Silkscreen
  6
CONTINUOUS
100
AcDbLine
 10
50.2627159999999975
 20
-18.2504709999999974
 30
0
 11
50.2903060000000011
 21
-18.2228809999999974
 31
0
  0
LINE
  5
253
330
1B
100
AcDbEntity
  8
F.Silkscreen
  6
CONTINUOUS
100
AcDbLine
 10
50.2903060000000011
 20
-18.2228809999999974
 30
0
 11
50.3263539999999949
 21
-18.2079489999999993
 31
0
  0
LINE
  5
254
330
1B
100
AcDbEntity
  8
F.Silkscreen
  6
CONTINUOUS
100
AcDbLine
 10
50.3263539999999949
 20
-18.2079489999999993
 30
0
 11
50.3458629999999943
 21
-18.2060279999999999
 31
0
  0
LINE
  5
255
330
1B
100
AcDbEntity
  8
F.Silkscreen
  6
CONTINUOUS
100
AcDbLine
 10
50.3458629999999943
 20
-18.2060279999999999
 30
0
 11
51.3458629999999943
 21
-18.2060279999999999
 31
0
  0
LINE
  5
256
330
1B
100
AcDbEntity
  8
F.Silkscreen
  6
CONTINUOUS
100
AcDbLine
 10
51.3458629999999943
 20
-18.2060279999999999
 30
0
 11
51.3653720000000007
 21
-18.2079489999999993
 31
0
  0
LINE
  5
257
330
1B
100
AcDbEntity
  8
F.Silkscreen
  6
CONTINUOUS
100
AcDbLine
 10
54.7225149999999942
 20
-18.2079489999999993
 30
0
 11
54.7258349999999965
 21
-18.2093239999999987
 31
0
  0
LINE
  5
258
330
1B
100
AcDbEntity
  8
F.Silkscreen
  6
CONTINUOUS
100
AcDbLine
 10
54.7258349999999965
 20
-18.2093239999999987
 30
0
 11
54.729419
 21
-18.209578999999998
 31
0
  0
LINE
  5
259
330
1B
100
AcDbEntity
  8
F.Silkscreen
  6
CONTINUOUS
100
AcDbLine
 10
54.729419
 20
-18.209578999999998
 30
0
 11
54.7477279999999951
 21
-18.2165849999999985
 31
0
  0
LINE
  5
25A
330
1B
100
AcDbEntity
  8
F.Silkscreen
  6
CONTINUOUS
100
AcDbLine
 10
54.7477279999999951
 20
-18.2165849999999985
 30
0
 11
54.8905839999999969
 21
-18.2880140000000004
 31
0
  0
LINE
  5
25B
330
1B
100
AcDbEntity
  8
F.Silkscreen
  6
CONTINUOUS
100
AcDbLine
 10
54.8905839999999969
 20
-18.2880140000000004
 30
0
 11
54.8989819999999966
 21
-18.2932999999999986
 31
0
  0
LINE
  5
25C
330
1B
100
AcDbEntity
  8
F.Silkscreen
  6
CONTINUOUS
100
AcDbLine
 10
54.8989819999999966
 20
-18.2932999999999986
 30
0
 11
54.9014199999999946
 21
-18.2943099999999994
 31
0
  0
LINE
  5
25D
330
1B
100
AcDbEntity
  8
F.Silkscreen
  6
CONTINUOUS
100
AcDbLine
 10
54.9014199999999946
 20
-18.2943099999999994
 30
0
 11
54.9041629999999969
 21
-18.2965610000000005
 31
0
  0
LINE
  5
25E
330
1B
100
AcDbEntity
  8
F.Silkscreen
  6
CONTINUOUS
100
AcDbLine
 10
54.9041629999999969
 20
-18.2965610000000005
 30
0
 11
54.9071749999999952
 21
-18.2984569999999991
 31
0
  0
LINE
  5
25F
330
1B
100
AcDbEntity
  8
F.Silkscreen
  6
CONTINUOUS
100
AcDbLine
 10
54.9071749999999952
 20
-18.2984569999999991
 30
0
 11
54.9089069999999992
 21
-18.3004539999999984
 31
0
  0
LINE
  5
260
330
1B
100
AcDbEntity
  8
F.Silkscreen
  6
CONTINUOUS
100
AcDbLine
 10
54.9089069999999992
 20
-18.3004539999999984
 30
0
 11
54.9165739999999971
 21
-18.3067460000000004
 31
0
  0
LINE
  5
261
330
1B
100
AcDbEntity
  8
F.Silkscreen
  6
CONTINUOUS
100
AcDbLine
 10
54.9165739999999971
 20
-18.3067460000000004
 30
0
 11
55.059429999999999
 21
-18.4496029999999998
 31
0
  0
LINE
  5
262
330
1B
100
AcDbEntity
  8
F.Silkscreen
  6
CONTINUOUS
100
AcDbLine
 10
55.059429999999999
 20
-18.4496029999999998
 30
0
 11
55.0718669999999975
 21
-18.4647559999999977
 31
0
  0
LINE
  5
263
330
1B
100
AcDbEntity
  8
F.Silkscreen
  6
CONTINUOUS
100
AcDbLine
 10
55.0718669999999975
 20
-18.4647559999999977
 30
0
 11
55.0747119999999981
 21
-18.4716249999999995
 31
0
  0
LINE
  5
264
330
1B
100
AcDbEntity
  8
F.Silkscreen
  6
CONTINUOUS
100
AcDbLine
 10
55.0747119999999981
 20
-18.4716249999999995
 30
0
 11
55.0791389999999978
 21
-18.4775999999999989
 31
0
  0
LINE
  5
265
330
1B
100
AcDbEntity
  8
F.Silkscreen
  6
CONTINUOUS
100
AcDbLine
 10
55.0791389999999978
 20
-18.4775999999999989
 30
0
 11
55.0857339999999951
 21
-18.4960599999999999
 31
0
  0
LINE
  5
266
330
1B
100
AcDbEntity
  8
F.Silkscreen
  6
CONTINUOUS
100
AcDbLine
 10
55.0857339999999951
 20
-18.4960599999999999
 30
0
 11
55.1571629999999971
 21
-18.7817739999999986
 31
0
  0
LINE
  5
267
330
1B
100
AcDbEntity
  8
F.Silkscreen
  6
CONTINUOUS
100
AcDbLine
 10
55.1571629999999971
 20
-18.7817739999999986
 30
0
 11
55.1576629999999994
 21
-18.7851549999999996
 31
0
  0
LINE
  5
268
330
1B
100
AcDbEntity
  8
F.Silkscreen
  6
CONTINUOUS
100
AcDbLine
 10
55.1576629999999994
 20
-18.7851549999999996
 30
0
 11
55.158227999999994
 21
-18.7865189999999984
 31
0
  0
LINE
  5
269
330
1B
100
AcDbEntity
  8
F.Silkscreen
  6
CONTINUOUS
100
AcDbLine
 10
55.158227999999994
 20
-18.7865189999999984
 30
0
 11
55.1589509999999947
 21
-18.7938669999999988
 31
0
  0
LINE
  5
26A
330
1B
100
AcDbEntity
  8
F.Silkscreen
  6
CONTINUOUS
100
AcDbLine
 10
55.1589509999999947
 20
-18.7938669999999988
 30
0
 11
55.1600309999999965
 21
-18.8011659999999985
 31
0
  0
LINE
  5
26B
330
1B
100
AcDbEntity
  8
F.Silkscreen
  6
CONTINUOUS
100
AcDbLine
 10
55.1600309999999965
 20
-18.8011659999999985
 30
0
 11
55.1598129999999998
 21
-18.802623999999998
 31
0
  0
LINE
  5
26C
330
1B
100
AcDbEntity
  8
F.Silkscreen
  6
CONTINUOUS
100
AcDbLine
 10
55.1598129999999998
 20
-18.802623999999998
 30
0
 11
55.160148999999997
 21
-18.8060279999999977
 31
0
  0
LINE
  5
26D
330
1B
100
AcDbEntity
  8
F.Silkscreen
  6
CONTINUOUS
100
AcDbLine
 10
55.160148999999997
 20
-18.8060279999999977
 30
0
 11
55.160148999999997
 21
-19.3060279999999977
 31
0
  0
LINE
  5
26E
330
1B
100
AcDbEntity
  8
F.Silkscreen
  6
CONTINUOUS
100
AcDbLine
 10
55.160148999999997
 20
-19.3060279999999977
 30
0
 11
55.1598129999999998
 21
-19.309431
 31
0
  0
LINE
  5
26F
330
1B
100
AcDbEntity
  8
F.Silkscreen
  6
CONTINUOUS
100
AcDbLine
 10
55.1598129999999998
 20
-19.309431
 30
0
 11
55.1600309999999965
 21
-19.3108900000000006
 31
0
  0
LINE
  5
270
330
1B
100
AcDbEntity
  8
F.Silkscreen
  6
CONTINUOUS
100
AcDbLine
 10
55.1600309999999965
 20
-19.3108900000000006
 30
0
 11
55.1589509999999947
 21
-19.3181879999999992
 31
0
  0
LINE
  5
271
330
1B
100
AcDbEntity
  8
F.Silkscreen
  6
CONTINUOUS
100
AcDbLine
 10
55.1589509999999947
 20
-19.3181879999999992
 30
0
 11
55.158227999999994
 21
-19.3255370000000006
 31
0
  0
LINE
  5
272
330
1B
100
AcDbEntity
  8
F.Silkscreen
  6
CONTINUOUS
100
AcDbLine
 10
55.158227999999994
 20
-19.3255370000000006
 30
0
 11
55.1576629999999994
 21
-19.3268999999999984
 31
0
  0
LINE
  5
273
330
1B
100
AcDbEntity
  8
F.Silkscreen
  6
CONTINUOUS
100
AcDbLine
 10
55.1576629999999994
 20
-19.3268999999999984
 30
0
 11
55.1571629999999971
 21
-19.3302820000000004
 31
0
  0
LINE
  5
274
330
1B
100
AcDbEntity
  8
F.Silkscreen
  6
CONTINUOUS
100
AcDbLine
 10
55.1571629999999971
 20
-19.3302820000000004
 30
0
 11
55.0857339999999951
 21
-19.6159959999999991
 31
0
  0
LINE
  5
275
330
1B
100
AcDbEntity
  8
F.Silkscreen
  6
CONTINUOUS
100
AcDbLine
 10
55.0857339999999951
 20
-19.6159959999999991
 30
0
 11
55.0791389999999978
 21
-19.6344560000000001
 31
0
  0
LINE
  5
276
330
1B
100
AcDbEntity
  8
F.Silkscreen
  6
CONTINUOUS
100
AcDbLine
 10
55.0791389999999978
 20
-19.6344560000000001
 30
0
 11
55.0747119999999981
 21
-19.6404299999999985
 31
0
  0
LINE
  5
277
330
1B
100
AcDbEntity
  8
F.Silkscreen
  6
CONTINUOUS
100
AcDbLine
 10
55.0747119999999981
 20
-19.6404299999999985
 30
0
 11
55.0718669999999975
 21
-19.6472990000000003
 31
0
  0
LINE
  5
278
330
1B
100
AcDbEntity
  8
F.Silkscreen
  6
CONTINUOUS
100
AcDbLine
 10
55.0718669999999975
 20
-19.6472990000000003
 30
0
 11
55.0594309999999965
 21
-19.6624519999999983
 31
0
  0
LINE
  5
279
330
1B
100
AcDbEntity
  8
F.Silkscreen
  6
CONTINUOUS
100
AcDbLine
 10
55.0594309999999965
 20
-19.6624519999999983
 30
0
 11
54.9165739999999971
 21
-19.8053099999999986
 31
0
  0
LINE
  5
27A
330
1B
100
AcDbEntity
  8
F.Silkscreen
  6
CONTINUOUS
100
AcDbLine
 10
54.9165739999999971
 20
-19.8053099999999986
 30
0
 11
54.9089069999999992
 21
-19.8116020000000006
 31
0
  0
LINE
  5
27B
330
1B
100
AcDbEntity
  8
F.Silkscreen
  6
CONTINUOUS
100
AcDbLine
 10
54.9089069999999992
 20
-19.8116020000000006
 30
0
 11
54.9071749999999952
 21
-19.8135999999999974
 31
0
  0
LINE
  5
27C
330
1B
100
AcDbEntity
  8
F.Silkscreen
  6
CONTINUOUS
100
AcDbLine
 10
54.9071749999999952
 20
-19.8135999999999974
 30
0
 11
54.9041659999999965
 21
-19.815493
 31
0
  0
LINE
  5
27D
330
1B
100
AcDbEntity
  8
F.Silkscreen
  6
CONTINUOUS
100
AcDbLine
 10
54.9041659999999965
 20
-19.815493
 30
0
 11
54.9014209999999991
 21
-19.8177470000000007
 31
0
  0
LINE
  5
27E
330
1B
100
AcDbEntity
  8
F.Silkscreen
  6
CONTINUOUS
100
AcDbLine
 10
54.9014209999999991
 20
-19.8177470000000007
 30
0
 11
54.8989799999999946
 21
-19.818756999999998
 31
0
  0
LINE
  5
27F
330
1B
100
AcDbEntity
  8
F.Silkscreen
  6
CONTINUOUS
100
AcDbLine
 10
54.8989799999999946
 20
-19.818756999999998
 30
0
 11
54.8905839999999969
 21
-19.8240429999999996
 31
0
  0
LINE
  5
280
330
1B
100
AcDbEntity
  8
F.Silkscreen
  6
CONTINUOUS
100
AcDbLine
 10
54.8905839999999969
 20
-19.8240429999999996
 30
0
 11
54.7477269999999976
 21
-19.8954710000000006
 31
0
  0
LINE
  5
281
330
1B
100
AcDbEntity
  8
F.Silkscreen
  6
CONTINUOUS
100
AcDbLine
 10
54.7477269999999976
 20
-19.8954710000000006
 30
0
 11
54.729419
 21
-19.9024769999999975
 31
0
  0
LINE
  5
282
330
1B
100
AcDbEntity
  8
F.Silkscreen
  6
CONTINUOUS
100
AcDbLine
 10
54.729419
 20
-19.9024769999999975
 30
0
 11
54.7258349999999965
 21
-19.9027309999999993
 31
0
  0
LINE
  5
283
330
1B
100
AcDbEntity
  8
F.Silkscreen
  6
CONTINUOUS
100
AcDbLine
 10
54.7258349999999965
 20
-19.9027309999999993
 30
0
 11
54.7225149999999942
 21
-19.9041069999999998
 31
0
  0
LINE
  5
284
330
1B
100
AcDbEntity
  8
F.Silkscreen
  6
CONTINUOUS
100
AcDbLine
 10
54.7225149999999942
 20
-19.9041069999999998
 30
0
 11
54.7030059999999949
 21
-19.9060279999999992
 31
0
  0
LINE
  5
285
330
1B
100
AcDbEntity
  8
F.Silkscreen
  6
CONTINUOUS
100
AcDbLine
 10
54.7030059999999949
 20
-19.9060279999999992
 30
0
 11
54.4172919999999962
 21
-19.9060279999999992
 31
0
  0
LINE
  5
286
330
1B
100
AcDbEntity
  8
F.Silkscreen
  6
CONTINUOUS
100
AcDbLine
 10
54.4172919999999962
 20
-19.9060279999999992
 30
0
 11
54.3977829999999969
 21
-19.9041069999999998
 31
0
  0
LINE
  5
287
330
1B
100
AcDbEntity
  8
F.Silkscreen
  6
CONTINUOUS
100
AcDbLine
 10
54.3977829999999969
 20
-19.9041069999999998
 30
0
 11
54.3944619999999972
 21
-19.9027309999999993
 31
0
  0
LINE
  5
288
330
1B
100
AcDbEntity
  8
F.Silkscreen
  6
CONTINUOUS
100
AcDbLine
 10
54.3944619999999972
 20
-19.9027309999999993
 30
0
 11
54.3908799999999957
 21
-19.9024769999999975
 31
0
  0
LINE
  5
289
330
1B
100
AcDbEntity
  8
F.Silkscreen
  6
CONTINUOUS
100
AcDbLine
 10
54.3908799999999957
 20
-19.9024769999999975
 30
0
 11
54.3725710000000007
 21
-19.8954710000000006
 31
0
  0
LINE
  5
28A
330
1B
100
AcDbEntity
  8
F.Silkscreen
  6
CONTINUOUS
100
AcDbLine
 10
54.3725710000000007
 20
-19.8954710000000006
 30
0
 11
54.2297139999999942
 21
-19.8240429999999996
 31
0
  0
LINE
  5
28B
330
1B
100
AcDbEntity
  8
F.Silkscreen
  6
CONTINUOUS
100
AcDbLine
 10
54.2297139999999942
 20
-19.8240429999999996
 30
0
 11
54.2213169999999991
 21
-19.818756999999998
 31
0
  0
LINE
  5
28C
330
1B
100
AcDbEntity
  8
F.Silkscreen
  6
CONTINUOUS
100
AcDbLine
 10
54.2213169999999991
 20
-19.818756999999998
 30
0
 11
54.2188779999999966
 21
-19.8177470000000007
 31
0
  0
LINE
  5
28D
330
1B
100
AcDbEntity
  8
F.Silkscreen
  6
CONTINUOUS
100
AcDbLine
 10
54.2188779999999966
 20
-19.8177470000000007
 30
0
 11
54.2161319999999947
 21
-19.815493
 31
0
  0
LINE
  5
28E
330
1B
100
AcDbEntity
  8
F.Silkscreen
  6
CONTINUOUS
100
AcDbLine
 10
54.2161319999999947
 20
-19.815493
 30
0
 11
54.2131240000000005
 21
-19.8135999999999974
 31
0
  0
LINE
  5
28F
330
1B
100
AcDbEntity
  8
F.Silkscreen
  6
CONTINUOUS
100
AcDbLine
 10
54.2131240000000005
 20
-19.8135999999999974
 30
0
 11
54.2113919999999965
 21
-19.8116039999999991
 31
0
  0
LINE
  5
290
330
1B
100
AcDbEntity
  8
F.Silkscreen
  6
CONTINUOUS
100
AcDbLine
 10
54.2113919999999965
 20
-19.8116039999999991
 30
0
 11
54.2037249999999986
 21
-19.8053109999999997
 31
0
  0
LINE
  5
291
330
1B
100
AcDbEntity
  8
F.Silkscreen
  6
CONTINUOUS
100
AcDbLine
 10
54.2037249999999986
 20
-19.8053109999999997
 30
0
 11
54.0608659999999972
 21
-19.6624529999999993
 31
0
  0
LINE
  5
292
330
1B
100
AcDbEntity
  8
F.Silkscreen
  6
CONTINUOUS
100
AcDbLine
 10
54.0608659999999972
 20
-19.6624529999999993
 30
0
 11
54.0484299999999962
 21
-19.6472990000000003
 31
0
  0
LINE
  5
293
330
1B
100
AcDbEntity
  8
F.Silkscreen
  6
CONTINUOUS
100
AcDbLine
 10
54.0484299999999962
 20
-19.6472990000000003
 30
0
 11
54.0455839999999981
 21
-19.6404299999999985
 31
0
  0
LINE
  5
294
330
1B
100
AcDbEntity
  8
F.Silkscreen
  6
CONTINUOUS
100
AcDbLine
 10
54.0455839999999981
 20
-19.6404299999999985
 30
0
 11
54.0411579999999958
 21
-19.6344560000000001
 31
0
  0
LINE
  5
295
330
1B
100
AcDbEntity
  8
F.Silkscreen
  6
CONTINUOUS
100
AcDbLine
 10
54.0411579999999958
 20
-19.6344560000000001
 30
0
 11
54.0345629999999986
 21
-19.6159949999999981
 31
0
  0
LINE
  5
296
330
1B
100
AcDbEntity
  8
F.Silkscreen
  6
CONTINUOUS
100
AcDbLine
 10
54.0345629999999986
 20
-19.6159949999999981
 30
0
 11
53.9631349999999941
 21
-19.3302809999999994
 31
0
  0
LINE
  5
297
330
1B
100
AcDbEntity
  8
F.Silkscreen
  6
CONTINUOUS
100
AcDbLine
 10
53.9631349999999941
 20
-19.3302809999999994
 30
0
 11
53.9626349999999988
 21
-19.3269009999999994
 31
0
  0
LINE
  5
298
330
1B
100
AcDbEntity
  8
F.Silkscreen
  6
CONTINUOUS
100
AcDbLine
 10
53.9626349999999988
 20
-19.3269009999999994
 30
0
 11
53.9620699999999971
 21
-19.3255370000000006
 31
0
  0
LINE
  5
299
330
1B
100
AcDbEntity
  8
F.Silkscreen
  6
CONTINUOUS
100
AcDbLine
 10
53.9620699999999971
 20
-19.3255370000000006
 30
0
 11
53.9613459999999989
 21
-19.3181849999999997
 31
0
  0
LINE
  5
29A
330
1B
100
AcDbEntity
  8
F.Silkscreen
  6
CONTINUOUS
100
AcDbLine
 10
53.9613459999999989
 20
-19.3181849999999997
 30
0
 11
53.9602669999999947
 21
-19.3108889999999995
 31
0
  0
LINE
  5
29B
330
1B
100
AcDbEntity
  8
F.Silkscreen
  6
CONTINUOUS
100
AcDbLine
 10
53.9602669999999947
 20
-19.3108889999999995
 30
0
 11
53.960484000000001
 21
-19.309429999999999
 31
0
  0
LINE
  5
29C
330
1B
100
AcDbEntity
  8
F.Silkscreen
  6
CONTINUOUS
100
AcDbLine
 10
53.960484000000001
 20
-19.309429999999999
 30
0
 11
53.9601489999999941
 21
-19.3060279999999977
 31
0
  0
LINE
  5
29D
330
1B
100
AcDbEntity
  8
F.Silkscreen
  6
CONTINUOUS
100
AcDbLine
 10
53.9601489999999941
 20
-19.3060279999999977
 30
0
 11
53.9601489999999941
 21
-18.8060279999999977
 31
0
  0
LINE
  5
29E
330
1B
100
AcDbEntity
  8
F.Silkscreen
  6
CONTINUOUS
100
AcDbLine
 10
53.9601489999999941
 20
-18.8060279999999977
 30
0
 11
53.960484000000001
 21
-18.802624999999999
 31
0
  0
LINE
  5
29F
330
1B
100
AcDbEntity
  8
F.Silkscreen
  6
CONTINUOUS
100
AcDbLine
 10
53.960484000000001
 20
-18.802624999999999
 30
0
 11
53.9602669999999947
 21
-18.8011669999999995
 31
0
  0
LINE
  5
2A0
330
1B
100
AcDbEntity
  8
F.Silkscreen
  6
CONTINUOUS
100
AcDbLine
 10
53.9602669999999947
 20
-18.8011669999999995
 30
0
 11
53.9613459999999989
 21
-18.7938699999999983
 31
0
  0
LINE
  5
2A1
330
1B
100
AcDbEntity
  8
F.Silkscreen
  6
CONTINUOUS
100
AcDbLine
 10
53.9613459999999989
 20
-18.7938699999999983
 30
0
 11
53.9620699999999971
 21
-18.7865189999999984
 31
0
  0
LINE
  5
2A2
330
1B
100
AcDbEntity
  8
F.Silkscreen
  6
CONTINUOUS
100
AcDbLine
 10
53.9620699999999971
 20
-18.7865189999999984
 30
0
 11
53.9626349999999988
 21
-18.7851539999999986
 31
0
  0
LINE
  5
2A3
330
1B
100
AcDbEntity
  8
F.Silkscreen
  6
CONTINUOUS
100
AcDbLine
 10
53.9626349999999988
 20
-18.7851539999999986
 30
0
 11
53.9631349999999941
 21
-18.7817749999999997
 31
0
  0
LINE
  5
2A4
330
1B
100
AcDbEntity
  8
F.Silkscreen
  6
CONTINUOUS
100
AcDbLine
 10
53.9631349999999941
 20
-18.7817749999999997
 30
0
 11
54.0345629999999986
 21
-18.4960609999999974
 31
0
  0
LINE
  5
2A5
330
1B
100
AcDbEntity
  8
F.Silkscreen
  6
CONTINUOUS
100
AcDbLine
 10
54.0345629999999986
 20
-18.4960609999999974
 30
0
 11
54.0411579999999958
 21
-18.4775999999999989
 31
0
  0
LINE
  5
2A6
330
1B
100
AcDbEntity
  8
F.Silkscreen
  6
CONTINUOUS
100
AcDbLine
 10
54.0411579999999958
 20
-18.4775999999999989
 30
0
 11
54.0455839999999981
 21
-18.4716249999999995
 31
0
  0
LINE
  5
2A7
330
1B
100
AcDbEntity
  8
F.Silkscreen
  6
CONTINUOUS
100
AcDbLine
 10
54.0455839999999981
 20
-18.4716249999999995
 30
0
 11
54.0484299999999962
 21
-18.4647559999999977
 31
0
  0
LINE
  5
2A8
330
1B
100
AcDbEntity
  8
F.Silkscreen
  6
CONTINUOUS
100
AcDbLine
 10
54.0484299999999962
 20
-18.4647559999999977
 30
0
 11
54.0608669999999947
 21
-18.4496029999999998
 31
0
  0
LINE
  5
2A9
330
1B
100
AcDbEntity
  8
F.Silkscreen
  6
CONTINUOUS
100
AcDbLine
 10
54.0608669999999947
 20
-18.4496029999999998
 30
0
 11
54.2037249999999986
 21
-18.3067460000000004
 31
0
  0
LINE
  5
2AA
330
1B
100
AcDbEntity
  8
F.Silkscreen
  6
CONTINUOUS
100
AcDbLine
 10
54.2037249999999986
 20
-18.3067460000000004
 30
0
 11
54.2113889999999969
 21
-18.3004549999999995
 31
0
  0
LINE
  5
2AB
330
1B
100
AcDbEntity
  8
F.Silkscreen
  6
CONTINUOUS
100
AcDbLine
 10
54.2113889999999969
 20
-18.3004549999999995
 30
0
 11
54.213122999999996
 21
-18.2984569999999991
 31
0
  0
LINE
  5
2AC
330
1B
100
AcDbEntity
  8
F.Silkscreen
  6
CONTINUOUS
100
AcDbLine
 10
54.213122999999996
 20
-18.2984569999999991
 30
0
 11
54.2161349999999942
 21
-18.2965599999999995
 31
0
  0
LINE
  5
2AD
330
1B
100
AcDbEntity
  8
F.Silkscreen
  6
CONTINUOUS
100
AcDbLine
 10
54.2161349999999942
 20
-18.2965599999999995
 30
0
 11
54.2188779999999966
 21
-18.2943099999999994
 31
0
  0
LINE
  5
2AE
330
1B
100
AcDbEntity
  8
F.Silkscreen
  6
CONTINUOUS
100
AcDbLine
 10
54.2188779999999966
 20
-18.2943099999999994
 30
0
 11
54.2213139999999996
 21
-18.2932999999999986
 31
0
  0
LINE
  5
2AF
330
1B
100
AcDbEntity
  8
F.Silkscreen
  6
CONTINUOUS
100
AcDbLine
 10
54.2213139999999996
 20
-18.2932999999999986
 30
0
 11
54.2297129999999967
 21
-18.2880140000000004
 31
0
  0
LINE
  5
2B0
330
1B
100
AcDbEntity
  8
F.Silkscreen
  6
CONTINUOUS
100
AcDbLine
 10
54.2297129999999967
 20
-18.2880140000000004
 30
0
 11
54.3725699999999961
 21
-18.2165849999999985
 31
0
  0
LINE
  5
2B1
330
1B
100
AcDbEntity
  8
F.Silkscreen
  6
CONTINUOUS
100
AcDbLine
 10
54.3725699999999961
 20
-18.2165849999999985
 30
0
 11
54.3908789999999982
 21
-18.209578999999998
 31
0
  0
LINE
  5
2B2
330
1B
100
AcDbEntity
  8
F.Silkscreen
  6
CONTINUOUS
100
AcDbLine
 10
54.3908789999999982
 20
-18.209578999999998
 30
0
 11
54.3944619999999972
 21
-18.2093239999999987
 31
0
  0
LINE
  5
2B3
330
1B
100
AcDbEntity
  8
F.Silkscreen
  6
CONTINUOUS
100
AcDbLine
 10
54.3944619999999972
 20
-18.2093239999999987
 30
0
 11
54.3977829999999969
 21
-18.2079489999999993
 31
0
  0
LINE
  5
2B4
330
1B
100
AcDbEntity
  8
F.Silkscreen
  6
CONTINUOUS
100
AcDbLine
 10
54.3977829999999969
 20
-18.2079489999999993
 30
0
 11
54.4172919999999962
 21
-18.2060279999999999
 31
0
  0
LINE
  5
2B5
330
1B
100
AcDbEntity
  8
F.Silkscreen
  6
CONTINUOUS
100
AcDbLine
 10
54.4172919999999962
 20
-18.2060279999999999
 30
0
 11
54.7030059999999949
 21
-18.2060279999999999
 31
0
  0
LINE
  5
2B6
330
1B
100
AcDbEntity
  8
F.Silkscreen
  6
CONTINUOUS
100
AcDbLine
 10
54.7030059999999949
 20
-18.2060279999999999
 30
0
 11
54.7225149999999942
 21
-18.2079489999999993
 31
0
  0
LINE
  5
2B7
330
1B
100
AcDbEntity
  8
F.Silkscreen
  6
CONTINUOUS
100
AcDbLine
 10
54.3336690000000004
 20
-18.4596429999999998
 30
0
 11
54.2218729999999951
 21
-18.5714380000000006
 31
0
  0
LINE
  5
2B8
330
1B
100
AcDbEntity
  8
F.Silkscreen
  6
CONTINUOUS
100
AcDbLine
 10
54.2218729999999951
 20
-18.5714380000000006
 30
0
 11
54.160148999999997
 21
-18.8183359999999986
 31
0
  0
LINE
  5
2B9
330
1B
100
AcDbEntity
  8
F.Silkscreen
  6
CONTINUOUS
100
AcDbLine
 10
54.160148999999997
 20
-18.8183359999999986
 30
0
 11
54.160148999999997
 21
-19.2937189999999994
 31
0
  0
LINE
  5
2BA
330
1B
100
AcDbEntity
  8
F.Silkscreen
  6
CONTINUOUS
100
AcDbLine
 10
54.160148999999997
 20
-19.2937189999999994
 30
0
 11
54.2218729999999951
 21
-19.540616
 31
0
  0
LINE
  5
2BB
330
1B
100
AcDbEntity
  8
F.Silkscreen
  6
CONTINUOUS
100
AcDbLine
 10
54.2218729999999951
 20
-19.540616
 30
0
 11
54.3336699999999979
 21
-19.6524129999999992
 31
0
  0
LINE
  5
2BC
330
1B
100
AcDbEntity
  8
F.Silkscreen
  6
CONTINUOUS
100
AcDbLine
 10
54.3336699999999979
 20
-19.6524129999999992
 30
0
 11
54.4408989999999946
 21
-19.7060279999999999
 31
0
  0
LINE
  5
2BD
330
1B
100
AcDbEntity
  8
F.Silkscreen
  6
CONTINUOUS
100
AcDbLine
 10
54.4408989999999946
 20
-19.7060279999999999
 30
0
 11
54.6793989999999965
 21
-19.7060279999999999
 31
0
  0
LINE
  5
2BE
330
1B
100
AcDbEntity
  8
F.Silkscreen
  6
CONTINUOUS
100
AcDbLine
 10
54.6793989999999965
 20
-19.7060279999999999
 30
0
 11
54.7866269999999957
 21
-19.6524129999999992
 31
0
  0
LINE
  5
2BF
330
1B
100
AcDbEntity
  8
F.Silkscreen
  6
CONTINUOUS
100
AcDbLine
 10
54.7866269999999957
 20
-19.6524129999999992
 30
0
 11
54.898422999999994
 21
-19.5406169999999975
 31
0
  0
LINE
  5
2C0
330
1B
100
AcDbEntity
  8
F.Silkscreen
  6
CONTINUOUS
100
AcDbLine
 10
54.898422999999994
 20
-19.5406169999999975
 30
0
 11
54.9601489999999941
 21
-19.2937179999999984
 31
0
  0
LINE
  5
2C1
330
1B
100
AcDbEntity
  8
F.Silkscreen
  6
CONTINUOUS
100
AcDbLine
 10
54.9601489999999941
 20
-19.2937179999999984
 30
0
 11
54.9601489999999941
 21
-18.8183369999999996
 31
0
  0
LINE
  5
2C2
330
1B
100
AcDbEntity
  8
F.Silkscreen
  6
CONTINUOUS
100
AcDbLine
 10
54.9601489999999941
 20
-18.8183369999999996
 30
0
 11
54.898422999999994
 21
-18.5714380000000006
 31
0
  0
LINE
  5
2C3
330
1B
100
AcDbEntity
  8
F.Silkscreen
  6
CONTINUOUS
100
AcDbLine
 10
54.898422999999994
 20
-18.5714380000000006
 30
0
 11
54.7866269999999957
 21
-18.4596419999999988
 31
0
  0
LINE
  5
2C4
330
1B
100
AcDbEntity
  8
F.Silkscreen
  6
CONTINUOUS
100
AcDbLine
 10
54.7866269999999957
 20
-18.4596419999999988
 30
0
 11
54.6793979999999991
 21
-18.4060279999999992
 31
0
  0
LINE
  5
2C5
330
1B
100
AcDbEntity
  8
F.Silkscreen
  6
CONTINUOUS
100
AcDbLine
 10
54.6793979999999991
 20
-18.4060279999999992
 30
0
 11
54.4408989999999946
 21
-18.4060279999999992
 31
0
  0
LINE
  5
2C6
330
1B
100
AcDbEntity
  8
F.Silkscreen
  6
CONTINUOUS
100
AcDbLine
 10
54.4408989999999946
 20
-18.4060279999999992
 30
0
 11
54.3336690000000004
 21
-18.4596429999999998
 31
0
  0
LINE
  5
2C7
330
1B
100
AcDbEntity
  8
F.Silkscreen
  6
CONTINUOUS
100
AcDbLine
 10
57.212613999999995
 20
-18.2079489999999993
 30
0
 11
57.2225149999999942
 21
-18.2079489999999993
 31
0
  0
LINE
  5
2C8
330
1B
100
AcDbEntity
  8
F.Silkscreen
  6
CONTINUOUS
100
AcDbLine
 10
57.2225149999999942
 20
-18.2079489999999993
 30
0
 11
57.2315639999999988
 21
-18.2116970000000009
 31
0
  0
LINE
  5
2C9
330
1B
100
AcDbEntity
  8
F.Silkscreen
  6
CONTINUOUS
100
AcDbLine
 10
57.2315639999999988
 20
-18.2116970000000009
 30
0
 11
57.2411779999999979
 21
-18.2135989999999985
 31
0
  0
LINE
  5
2CA
330
1B
100
AcDbEntity
  8
F.Silkscreen
  6
CONTINUOUS
100
AcDbLine
 10
57.2411779999999979
 20
-18.2135989999999985
 30
0
 11
57.2494189999999961
 21
-18.2190930000000009
 31
0
  0
LINE
  5
2CB
330
1B
100
AcDbEntity
  8
F.Silkscreen
  6
CONTINUOUS
100
AcDbLine
 10
57.2494189999999961
 20
-18.2190930000000009
 30
0
 11
57.2585629999999952
 21
-18.2228809999999974
 31
0
  0
LINE
  5
2CC
330
1B
100
AcDbEntity
  8
F.Silkscreen
  6
CONTINUOUS
100
AcDbLine
 10
57.2585629999999952
 20
-18.2228809999999974
 30
0
 11
57.2654879999999977
 21
-18.229806
 31
0
  0
LINE
  5
2CD
330
1B
100
AcDbEntity
  8
F.Silkscreen
  6
CONTINUOUS
100
AcDbLine
 10
57.2654879999999977
 20
-18.229806
 30
0
 11
57.2736429999999999
 21
-18.2352430000000005
 31
0
  0
LINE
  5
2CE
330
1B
100
AcDbEntity
  8
F.Silkscreen
  6
CONTINUOUS
100
AcDbLine
 10
57.2736429999999999
 20
-18.2352430000000005
 30
0
 11
57.2791530000000009
 21
-18.2434709999999995
 31
0
  0
LINE
  5
2CF
330
1B
100
AcDbEntity
  8
F.Silkscreen
  6
CONTINUOUS
100
AcDbLine
 10
57.2791530000000009
 20
-18.2434709999999995
 30
0
 11
57.2861529999999988
 21
-18.2504709999999974
 31
0
  0
LINE
  5
2D0
330
1B
100
AcDbEntity
  8
F.Silkscreen
  6
CONTINUOUS
100
AcDbLine
 10
57.2861529999999988
 20
-18.2504709999999974
 30
0
 11
57.2899019999999979
 21
-18.2595220000000005
 31
0
  0
LINE
  5
2D1
330
1B
100
AcDbEntity
  8
F.Silkscreen
  6
CONTINUOUS
100
AcDbLine
 10
57.2899019999999979
 20
-18.2595220000000005
 30
0
 11
57.2953539999999961
 21
-18.2676629999999989
 31
0
  0
LINE
  5
2D2
330
1B
100
AcDbEntity
  8
F.Silkscreen
  6
CONTINUOUS
100
AcDbLine
 10
57.2953539999999961
 20
-18.2676629999999989
 30
0
 11
57.2972949999999983
 21
-18.2773699999999977
 31
0
  0
LINE
  5
2D3
330
1B
100
AcDbEntity
  8
F.Silkscreen
  6
CONTINUOUS
100
AcDbLine
 10
57.2972949999999983
 20
-18.2773699999999977
 30
0
 11
57.3010850000000005
 21
-18.2865189999999984
 31
0
  0
LINE
  5
2D4
330
1B
100
AcDbEntity
  8
F.Silkscreen
  6
CONTINUOUS
100
AcDbLine
 10
57.3010850000000005
 20
-18.2865189999999984
 30
0
 11
57.3029849999999996
 21
-18.3058209999999981
 31
0
  0
LINE
  5
2D5
330
1B
100
AcDbEntity
  8
F.Silkscreen
  6
CONTINUOUS
100
AcDbLine
 10
57.3029849999999996
 20
-18.3058209999999981
 30
0
 11
57.3030059999999963
 21
-18.3059229999999999
 31
0
  0
LINE
  5
2D6
330
1B
100
AcDbEntity
  8
F.Silkscreen
  6
CONTINUOUS
100
AcDbLine
 10
57.3030059999999963
 20
-18.3059229999999999
 30
0
 11
57.3029989999999998
 21
-18.3059569999999994
 31
0
  0
LINE
  5
2D7
330
1B
100
AcDbEntity
  8
F.Silkscreen
  6
CONTINUOUS
100
AcDbLine
 10
57.3029989999999998
 20
-18.3059569999999994
 30
0
 11
57.3030059999999963
 21
-18.3060279999999977
 31
0
  0
LINE
  5
2D8
330
1B
100
AcDbEntity
  8
F.Silkscreen
  6
CONTINUOUS
100
AcDbLine
 10
57.3030059999999963
 20
-18.3060279999999977
 30
0
 11
57.3030059999999963
 21
-19.7060279999999999
 31
0
  0
LINE
  5
2D9
330
1B
100
AcDbEntity
  8
F.Silkscreen
  6
CONTINUOUS
100
AcDbLine
 10
57.3030059999999963
 20
-19.7060279999999999
 30
0
 11
57.6315779999999975
 21
-19.7060279999999999
 31
0
  0
LINE
  5
2DA
330
1B
100
AcDbEntity
  8
F.Silkscreen
  6
CONTINUOUS
100
AcDbLine
 10
57.6315779999999975
 20
-19.7060279999999999
 30
0
 11
57.6510869999999969
 21
-19.7079489999999993
 31
0
  0
LINE
  5
2DB
330
1B
100
AcDbEntity
  8
F.Silkscreen
  6
CONTINUOUS
100
AcDbLine
 10
57.6510869999999969
 20
-19.7079489999999993
 30
0
 11
57.6871349999999978
 21
-19.7228809999999974
 31
0
  0
LINE
  5
2DC
330
1B
100
AcDbEntity
  8
F.Silkscreen
  6
CONTINUOUS
100
AcDbLine
 10
57.6871349999999978
 20
-19.7228809999999974
 30
0
 11
57.7147249999999943
 21
-19.7504709999999974
 31
0
  0
LINE
  5
2DD
330
1B
100
AcDbEntity
  8
F.Silkscreen
  6
CONTINUOUS
100
AcDbLine
 10
57.7147249999999943
 20
-19.7504709999999974
 30
0
 11
57.729656999999996
 21
-19.7865189999999984
 31
0
  0
LINE
  5
2DE
330
1B
100
AcDbEntity
  8
F.Silkscreen
  6
CONTINUOUS
100
AcDbLine
 10
57.729656999999996
 20
-19.7865189999999984
 30
0
 11
57.729656999999996
 21
-19.8255370000000006
 31
0
  0
LINE
  5
2DF
330
1B
100
AcDbEntity
  8
F.Silkscreen
  6
CONTINUOUS
100
AcDbLine
 10
57.729656999999996
 20
-19.8255370000000006
 30
0
 11
57.7147249999999943
 21
-19.861584999999998
 31
0
  0
LINE
  5
2E0
330
1B
100
AcDbEntity
  8
F.Silkscreen
  6
CONTINUOUS
100
AcDbLine
 10
57.7147249999999943
 20
-19.861584999999998
 30
0
 11
57.6871349999999978
 21
-19.8891749999999981
 31
0
  0
LINE
  5
2E1
330
1B
100
AcDbEntity
  8
F.Silkscreen
  6
CONTINUOUS
100
AcDbLine
 10
57.6871349999999978
 20
-19.8891749999999981
 30
0
 11
57.6510869999999969
 21
-19.9041069999999998
 31
0
  0
LINE
  5
2E2
330
1B
100
AcDbEntity
  8
F.Silkscreen
  6
CONTINUOUS
100
AcDbLine
 10
57.6510869999999969
 20
-19.9041069999999998
 30
0
 11
57.6315779999999975
 21
-19.9060279999999992
 31
0
  0
LINE
  5
2E3
330
1B
100
AcDbEntity
  8
F.Silkscreen
  6
CONTINUOUS
100
AcDbLine
 10
57.6315779999999975
 20
-19.9060279999999992
 30
0
 11
56.7744349999999969
 21
-19.9060279999999992
 31
0
  0
LINE
  5
2E4
330
1B
100
AcDbEntity
  8
F.Silkscreen
  6
CONTINUOUS
100
AcDbLine
 10
56.7744349999999969
 20
-19.9060279999999992
 30
0
 11
56.7549259999999975
 21
-19.9041069999999998
 31
0
  0
LINE
  5
2E5
330
1B
100
AcDbEntity
  8
F.Silkscreen
  6
CONTINUOUS
100
AcDbLine
 10
56.7549259999999975
 20
-19.9041069999999998
 30
0
 11
56.7188779999999966
 21
-19.8891749999999981
 31
0
  0
LINE
  5
2E6
330
1B
100
AcDbEntity
  8
F.Silkscreen
  6
CONTINUOUS
100
AcDbLine
 10
56.7188779999999966
 20
-19.8891749999999981
 30
0
 11
56.6912880000000001
 21
-19.861584999999998
 31
0
  0
LINE
  5
2E7
330
1B
100
AcDbEntity
  8
F.Silkscreen
  6
CONTINUOUS
100
AcDbLine
 10
56.6912880000000001
 20
-19.861584999999998
 30
0
 11
56.6763559999999984
 21
-19.8255370000000006
 31
0
  0
LINE
  5
2E8
330
1B
100
AcDbEntity
  8
F.Silkscreen
  6
CONTINUOUS
100
AcDbLine
 10
56.6763559999999984
 20
-19.8255370000000006
 30
0
 11
56.6763559999999984
 21
-19.7865189999999984
 31
0
  0
LINE
  5
2E9
330
1B
100
AcDbEntity
  8
F.Silkscreen
  6
CONTINUOUS
100
AcDbLine
 10
56.6763559999999984
 20
-19.7865189999999984
 30
0
 11
56.6912880000000001
 21
-19.7504709999999974
 31
0
  0
LINE
  5
2EA
330
1B
100
AcDbEntity
  8
F.Silkscreen
  6
CONTINUOUS
100
AcDbLine
 10
56.6912880000000001
 20
-19.7504709999999974
 30
0
 11
56.7188779999999966
 21
-19.7228809999999974
 31
0
  0
LINE
  5
2EB
330
1B
100
AcDbEntity
  8
F.Silkscreen
  6
CONTINUOUS
100
AcDbLine
 10
56.7188779999999966
 20
-19.7228809999999974
 30
0
 11
56.7549259999999975
 21
-19.7079489999999993
 31
0
  0
LINE
  5
2EC
330
1B
100
AcDbEntity
  8
F.Silkscreen
  6
CONTINUOUS
100
AcDbLine
 10
56.7549259999999975
 20
-19.7079489999999993
 30
0
 11
56.7744349999999969
 21
-19.7060279999999999
 31
0
  0
LINE
  5
2ED
330
1B
100
AcDbEntity
  8
F.Silkscreen
  6
CONTINUOUS
100
AcDbLine
 10
56.7744349999999969
 20
-19.7060279999999999
 30
0
 11
57.1030060000000006
 21
-19.7060279999999999
 31
0
  0
LINE
  5
2EE
330
1B
100
AcDbEntity
  8
F.Silkscreen
  6
CONTINUOUS
100
AcDbLine
 10
57.1030060000000006
 20
-19.7060279999999999
 30
0
 11
57.1030060000000006
 21
-18.6188779999999987
 31
0
  0
LINE
  5
2EF
330
1B
100
AcDbEntity
  8
F.Silkscreen
  6
CONTINUOUS
100
AcDbLine
 10
57.1030060000000006
 20
-18.6188779999999987
 30
0
 11
56.9880029999999991
 21
-18.7338819999999977
 31
0
  0
LINE
  5
2F0
330
1B
100
AcDbEntity
  8
F.Silkscreen
  6
CONTINUOUS
100
AcDbLine
 10
56.9880029999999991
 20
-18.7338819999999977
 30
0
 11
56.9803359999999941
 21
-18.7401729999999986
 31
0
  0
LINE
  5
2F1
330
1B
100
AcDbEntity
  8
F.Silkscreen
  6
CONTINUOUS
100
AcDbLine
 10
56.9803359999999941
 20
-18.7401729999999986
 30
0
 11
56.9786039999999971
 21
-18.742170999999999
 31
0
  0
LINE
  5
2F2
330
1B
100
AcDbEntity
  8
F.Silkscreen
  6
CONTINUOUS
100
AcDbLine
 10
56.9786039999999971
 20
-18.742170999999999
 30
0
 11
56.9755919999999989
 21
-18.7440660000000001
 31
0
  0
LINE
  5
2F3
330
1B
100
AcDbEntity
  8
F.Silkscreen
  6
CONTINUOUS
100
AcDbLine
 10
56.9755919999999989
 20
-18.7440660000000001
 30
0
 11
56.9728489999999965
 21
-18.7463179999999987
 31
0
  0
LINE
  5
2F4
330
1B
100
AcDbEntity
  8
F.Silkscreen
  6
CONTINUOUS
100
AcDbLine
 10
56.9728489999999965
 20
-18.7463179999999987
 30
0
 11
56.9704109999999986
 21
-18.7473269999999985
 31
0
  0
LINE
  5
2F5
330
1B
100
AcDbEntity
  8
F.Silkscreen
  6
CONTINUOUS
100
AcDbLine
 10
56.9704109999999986
 20
-18.7473269999999985
 30
0
 11
56.9620129999999989
 21
-18.7526139999999977
 31
0
  0
LINE
  5
2F6
330
1B
100
AcDbEntity
  8
F.Silkscreen
  6
CONTINUOUS
100
AcDbLine
 10
56.9620129999999989
 20
-18.7526139999999977
 30
0
 11
56.819156999999997
 21
-18.8240429999999996
 31
0
  0
LINE
  5
2F7
330
1B
100
AcDbEntity
  8
F.Silkscreen
  6
CONTINUOUS
100
AcDbLine
 10
56.819156999999997
 20
-18.8240429999999996
 30
0
 11
56.8008479999999949
 21
-18.8310490000000001
 31
0
  0
LINE
  5
2F8
330
1B
100
AcDbEntity
  8
F.Silkscreen
  6
CONTINUOUS
100
AcDbLine
 10
56.8008479999999949
 20
-18.8310490000000001
 30
0
 11
56.7619279999999975
 21
-18.8338149999999978
 31
0
  0
LINE
  5
2F9
330
1B
100
AcDbEntity
  8
F.Silkscreen
  6
CONTINUOUS
100
AcDbLine
 10
56.7619279999999975
 20
-18.8338149999999978
 30
0
 11
56.7249119999999962
 21
-18.8214760000000005
 31
0
  0
LINE
  5
2FA
330
1B
100
AcDbEntity
  8
F.Silkscreen
  6
CONTINUOUS
100
AcDbLine
 10
56.7249119999999962
 20
-18.8214760000000005
 30
0
 11
56.6954349999999963
 21
-18.7959119999999977
 31
0
  0
LINE
  5
2FB
330
1B
100
AcDbEntity
  8
F.Silkscreen
  6
CONTINUOUS
100
AcDbLine
 10
56.6954349999999963
 20
-18.7959119999999977
 30
0
 11
56.6779859999999971
 21
-18.7610129999999984
 31
0
  0
LINE
  5
2FC
330
1B
100
AcDbEntity
  8
F.Silkscreen
  6
CONTINUOUS
100
AcDbLine
 10
56.6779859999999971
 20
-18.7610129999999984
 30
0
 11
56.6752199999999959
 21
-18.7220929999999974
 31
0
  0
LINE
  5
2FD
330
1B
100
AcDbEntity
  8
F.Silkscreen
  6
CONTINUOUS
100
AcDbLine
 10
56.6752199999999959
 20
-18.7220929999999974
 30
0
 11
56.6875590000000003
 21
-18.6850769999999997
 31
0
  0
LINE
  5
2FE
330
1B
100
AcDbEntity
  8
F.Silkscreen
  6
CONTINUOUS
100
AcDbLine
 10
56.6875590000000003
 20
-18.6850769999999997
 30
0
 11
56.713122999999996
 21
-18.6555999999999997
 31
0
  0
LINE
  5
2FF
330
1B
100
AcDbEntity
  8
F.Silkscreen
  6
CONTINUOUS
100
AcDbLine
 10
56.713122999999996
 20
-18.6555999999999997
 30
0
 11
56.7297129999999967
 21
-18.6451569999999975
 31
0
  0
LINE
  5
300
330
1B
100
AcDbEntity
  8
F.Silkscreen
  6
CONTINUOUS
100
AcDbLine
 10
56.7297129999999967
 20
-18.6451569999999975
 30
0
 11
56.8580559999999977
 21
-18.5809849999999983
 31
0
  0
LINE
  5
301
330
1B
100
AcDbEntity
  8
F.Silkscreen
  6
CONTINUOUS
100
AcDbLine
 10
56.8580559999999977
 20
-18.5809849999999983
 30
0
 11
56.9824359999999999
 21
-18.4566049999999997
 31
0
  0
LINE
  5
302
330
1B
100
AcDbEntity
  8
F.Silkscreen
  6
CONTINUOUS
100
AcDbLine
 10
56.9824359999999999
 20
-18.4566049999999997
 30
0
 11
57.1198009999999954
 21
-18.2505579999999981
 31
0
  0
LINE
  5
303
330
1B
100
AcDbEntity
  8
F.Silkscreen
  6
CONTINUOUS
100
AcDbLine
 10
57.1198009999999954
 20
-18.2505579999999981
 30
0
 11
57.119844999999998
 21
-18.2505029999999984
 31
0
  0
LINE
  5
304
330
1B
100
AcDbEntity
  8
F.Silkscreen
  6
CONTINUOUS
100
AcDbLine
 10
57.119844999999998
 20
-18.2505029999999984
 30
0
 11
57.1198589999999982
 21
-18.2504709999999974
 31
0
  0
LINE
  5
305
330
1B
100
AcDbEntity
  8
F.Silkscreen
  6
CONTINUOUS
100
AcDbLine
 10
57.1198589999999982
 20
-18.2504709999999974
 30
0
 11
57.1199319999999986
 21
-18.2503969999999995
 31
0
  0
LINE
  5
306
330
1B
100
AcDbEntity
  8
F.Silkscreen
  6
CONTINUOUS
100
AcDbLine
 10
57.1199319999999986
 20
-18.2503969999999995
 30
0
 11
57.1322209999999941
 21
-18.2353909999999999
 31
0
  0
LINE
  5
307
330
1B
100
AcDbEntity
  8
F.Silkscreen
  6
CONTINUOUS
100
AcDbLine
 10
57.1322209999999941
 20
-18.2353909999999999
 30
0
 11
57.1404489999999967
 21
-18.2298799999999979
 31
0
  0
LINE
  5
308
330
1B
100
AcDbEntity
  8
F.Silkscreen
  6
CONTINUOUS
100
AcDbLine
 10
57.1404489999999967
 20
-18.2298799999999979
 30
0
 11
57.1474489999999946
 21
-18.2228809999999974
 31
0
  0
LINE
  5
309
330
1B
100
AcDbEntity
  8
F.Silkscreen
  6
CONTINUOUS
100
AcDbLine
 10
57.1474489999999946
 20
-18.2228809999999974
 30
0
 11
57.1564999999999941
 21
-18.2191310000000009
 31
0
  0
LINE
  5
30A
330
1B
100
AcDbEntity
  8
F.Silkscreen
  6
CONTINUOUS
100
AcDbLine
 10
57.1564999999999941
 20
-18.2191310000000009
 30
0
 11
57.164640999999996
 21
-18.2136800000000001
 31
0
  0
LINE
  5
30B
330
1B
100
AcDbEntity
  8
F.Silkscreen
  6
CONTINUOUS
100
AcDbLine
 10
57.164640999999996
 20
-18.2136800000000001
 30
0
 11
57.1743479999999948
 21
-18.2117380000000004
 31
0
  0
LINE
  5
30C
330
1B
100
AcDbEntity
  8
F.Silkscreen
  6
CONTINUOUS
100
AcDbLine
 10
57.1743479999999948
 20
-18.2117380000000004
 30
0
 11
57.1834969999999956
 21
-18.2079489999999993
 31
0
  0
LINE
  5
30D
330
1B
100
AcDbEntity
  8
F.Silkscreen
  6
CONTINUOUS
100
AcDbLine
 10
57.1834969999999956
 20
-18.2079489999999993
 30
0
 11
57.1932969999999941
 21
-18.2079489999999993
 31
0
  0
LINE
  5
30E
330
1B
100
AcDbEntity
  8
F.Silkscreen
  6
CONTINUOUS
100
AcDbLine
 10
57.1932969999999941
 20
-18.2079489999999993
 30
0
 11
57.2029019999999946
 21
-18.2060279999999999
 31
0
  0
LINE
  5
30F
330
1B
100
AcDbEntity
  8
F.Silkscreen
  6
CONTINUOUS
100
AcDbLine
 10
57.2029019999999946
 20
-18.2060279999999999
 30
0
 11
57.212613999999995
 21
-18.2079489999999993
 31
0
  0
LINE
  5
310
330
1B
100
AcDbEntity
  8
F.Silkscreen
  6
CONTINUOUS
100
AcDbLine
 10
59.4368009999999956
 20
-18.2079489999999993
 30
0
 11
59.4401209999999978
 21
-18.2093239999999987
 31
0
  0
LINE
  5
311
330
1B
100
AcDbEntity
  8
F.Silkscreen
  6
CONTINUOUS
100
AcDbLine
 10
59.4401209999999978
 20
-18.2093239999999987
 30
0
 11
59.4437049999999942
 21
-18.209578999999998
 31
0
  0
LINE
  5
312
330
1B
100
AcDbEntity
  8
F.Silkscreen
  6
CONTINUOUS
100
AcDbLine
 10
59.4437049999999942
 20
-18.209578999999998
 30
0
 11
59.4620139999999964
 21
-18.2165849999999985
 31
0
  0
LINE
  5
313
330
1B
100
AcDbEntity
  8
F.Silkscreen
  6
CONTINUOUS
100
AcDbLine
 10
59.4620139999999964
 20
-18.2165849999999985
 30
0
 11
59.6048699999999982
 21
-18.2880140000000004
 31
0
  0
LINE
  5
314
330
1B
100
AcDbEntity
  8
F.Silkscreen
  6
CONTINUOUS
100
AcDbLine
 10
59.6048699999999982
 20
-18.2880140000000004
 30
0
 11
59.6132639999999938
 21
-18.293296999999999
 31
0
  0
LINE
  5
315
330
1B
100
AcDbEntity
  8
F.Silkscreen
  6
CONTINUOUS
100
AcDbLine
 10
59.6132639999999938
 20
-18.293296999999999
 30
0
 11
59.6157059999999959
 21
-18.2943089999999984
 31
0
  0
LINE
  5
316
330
1B
100
AcDbEntity
  8
F.Silkscreen
  6
CONTINUOUS
100
AcDbLine
 10
59.6157059999999959
 20
-18.2943089999999984
 30
0
 11
59.6184529999999953
 21
-18.296562999999999
 31
0
  0
LINE
  5
317
330
1B
100
AcDbEntity
  8
F.Silkscreen
  6
CONTINUOUS
100
AcDbLine
 10
59.6184529999999953
 20
-18.296562999999999
 30
0
 11
59.6214609999999965
 21
-18.2984569999999991
 31
0
  0
LINE
  5
318
330
1B
100
AcDbEntity
  8
F.Silkscreen
  6
CONTINUOUS
100
AcDbLine
 10
59.6214609999999965
 20
-18.2984569999999991
 30
0
 11
59.623191999999996
 21
-18.3004529999999974
 31
0
  0
LINE
  5
319
330
1B
100
AcDbEntity
  8
F.Silkscreen
  6
CONTINUOUS
100
AcDbLine
 10
59.623191999999996
 20
-18.3004529999999974
 30
0
 11
59.6308589999999938
 21
-18.3067460000000004
 31
0
  0
LINE
  5
31A
330
1B
100
AcDbEntity
  8
F.Silkscreen
  6
CONTINUOUS
100
AcDbLine
 10
59.6308589999999938
 20
-18.3067460000000004
 30
0
 11
59.7022879999999958
 21
-18.3781739999999978
 31
0
  0
LINE
  5
31B
330
1B
100
AcDbEntity
  8
F.Silkscreen
  6
CONTINUOUS
100
AcDbLine
 10
59.7022879999999958
 20
-18.3781739999999978
 30
0
 11
59.7085829999999973
 21
-18.3858429999999977
 31
0
  0
LINE
  5
31C
330
1B
100
AcDbEntity
  8
F.Silkscreen
  6
CONTINUOUS
100
AcDbLine
 10
59.7085829999999973
 20
-18.3858429999999977
 30
0
 11
59.7105779999999982
 21
-18.3875740000000008
 31
0
  0
LINE
  5
31D
330
1B
100
AcDbEntity
  8
F.Silkscreen
  6
CONTINUOUS
100
AcDbLine
 10
59.7105779999999982
 20
-18.3875740000000008
 30
0
 11
59.7124689999999987
 21
-18.3905789999999989
 31
0
  0
LINE
  5
31E
330
1B
100
AcDbEntity
  8
F.Silkscreen
  6
CONTINUOUS
100
AcDbLine
 10
59.7124689999999987
 20
-18.3905789999999989
 30
0
 11
59.7147249999999943
 21
-18.3933269999999993
 31
0
  0
LINE
  5
31F
330
1B
100
AcDbEntity
  8
F.Silkscreen
  6
CONTINUOUS
100
AcDbLine
 10
59.7147249999999943
 20
-18.3933269999999993
 30
0
 11
59.7157359999999997
 21
-18.3957680000000003
 31
0
  0
LINE
  5
320
330
1B
100
AcDbEntity
  8
F.Silkscreen
  6
CONTINUOUS
100
AcDbLine
 10
59.7157359999999997
 20
-18.3957680000000003
 30
0
 11
59.7210210000000004
 21
-18.404163999999998
 31
0
  0
LINE
  5
321
330
1B
100
AcDbEntity
  8
F.Silkscreen
  6
CONTINUOUS
100
AcDbLine
 10
59.7210210000000004
 20
-18.404163999999998
 30
0
 11
59.7924489999999977
 21
-18.5470210000000009
 31
0
  0
LINE
  5
322
330
1B
100
AcDbEntity
  8
F.Silkscreen
  6
CONTINUOUS
100
AcDbLine
 10
59.7924489999999977
 20
-18.5470210000000009
 30
0
 11
59.7929940000000002
 21
-18.5484469999999995
 31
0
  0
LINE
  5
323
330
1B
100
AcDbEntity
  8
F.Silkscreen
  6
CONTINUOUS
100
AcDbLine
 10
59.7929940000000002
 20
-18.5484469999999995
 30
0
 11
59.7934249999999992
 21
-18.5490279999999998
 31
0
  0
LINE
  5
324
330
1B
100
AcDbEntity
  8
F.Silkscreen
  6
CONTINUOUS
100
AcDbLine
 10
59.7934249999999992
 20
-18.5490279999999998
 30
0
 11
59.7963509999999943
 21
-18.5572189999999999
 31
0
  0
LINE
  5
325
330
1B
100
AcDbEntity
  8
F.Silkscreen
  6
CONTINUOUS
100
AcDbLine
 10
59.7963509999999943
 20
-18.5572189999999999
 30
0
 11
59.7994549999999947
 21
-18.5653299999999994
 31
0
  0
LINE
  5
326
330
1B
100
AcDbEntity
  8
F.Silkscreen
  6
CONTINUOUS
100
AcDbLine
 10
59.7994549999999947
 20
-18.5653299999999994
 30
0
 11
59.7995059999999938
 21
-18.5660489999999996
 31
0
  0
LINE
  5
327
330
1B
100
AcDbEntity
  8
F.Silkscreen
  6
CONTINUOUS
100
AcDbLine
 10
59.7995059999999938
 20
-18.5660489999999996
 30
0
 11
59.8000199999999964
 21
-18.5674880000000009
 31
0
  0
LINE
  5
328
330
1B
100
AcDbEntity
  8
F.Silkscreen
  6
CONTINUOUS
100
AcDbLine
 10
59.8000199999999964
 20
-18.5674880000000009
 30
0
 11
59.8714489999999984
 21
-18.8532030000000006
 31
0
  0
LINE
  5
329
330
1B
100
AcDbEntity
  8
F.Silkscreen
  6
CONTINUOUS
100
AcDbLine
 10
59.8714489999999984
 20
-18.8532030000000006
 30
0
 11
59.8719490000000008
 21
-18.856583999999998
 31
0
  0
LINE
  5
32A
330
1B
100
AcDbEntity
  8
F.Silkscreen
  6
CONTINUOUS
100
AcDbLine
 10
59.8719490000000008
 20
-18.856583999999998
 30
0
 11
59.8725139999999953
 21
-18.8579480000000004
 31
0
  0
LINE
  5
32B
330
1B
100
AcDbEntity
  8
F.Silkscreen
  6
CONTINUOUS
100
AcDbLine
 10
59.8725139999999953
 20
-18.8579480000000004
 30
0
 11
59.873236999999996
 21
-18.8652960000000007
 31
0
  0
LINE
  5
32C
330
1B
100
AcDbEntity
  8
F.Silkscreen
  6
CONTINUOUS
100
AcDbLine
 10
59.873236999999996
 20
-18.8652960000000007
 30
0
 11
59.8743169999999978
 21
-18.8725950000000005
 31
0
  0
LINE
  5
32D
330
1B
100
AcDbEntity
  8
F.Silkscreen
  6
CONTINUOUS
100
AcDbLine
 10
59.8743169999999978
 20
-18.8725950000000005
 30
0
 11
59.874098999999994
 21
-18.874053
 31
0
  0
LINE
  5
32E
330
1B
100
AcDbEntity
  8
F.Silkscreen
  6
CONTINUOUS
100
AcDbLine
 10
59.874098999999994
 20
-18.874053
 30
0
 11
59.8744349999999983
 21
-18.8774569999999997
 31
0
  0
LINE
  5
32F
330
1B
100
AcDbEntity
  8
F.Silkscreen
  6
CONTINUOUS
100
AcDbLine
 10
59.8744349999999983
 20
-18.8774569999999997
 30
0
 11
59.8744349999999983
 21
-19.2346000000000004
 31
0
  0
LINE
  5
330
330
1B
100
AcDbEntity
  8
F.Silkscreen
  6
CONTINUOUS
100
AcDbLine
 10
59.8744349999999983
 20
-19.2346000000000004
 30
0
 11
59.874098999999994
 21
-19.2380029999999991
 31
0
  0
LINE
  5
331
330
1B
100
AcDbEntity
  8
F.Silkscreen
  6
CONTINUOUS
100
AcDbLine
 10
59.874098999999994
 20
-19.2380029999999991
 30
0
 11
59.8743169999999978
 21
-19.2394619999999996
 31
0
  0
LINE
  5
332
330
1B
100
AcDbEntity
  8
F.Silkscreen
  6
CONTINUOUS
100
AcDbLine
 10
59.8743169999999978
 20
-19.2394619999999996
 30
0
 11
59.873236999999996
 21
-19.2467599999999983
 31
0
  0
LINE
  5
333
330
1B
100
AcDbEntity
  8
F.Silkscreen
  6
CONTINUOUS
100
AcDbLine
 10
59.873236999999996
 20
-19.2467599999999983
 30
0
 11
59.8725139999999953
 21
-19.2541089999999997
 31
0
  0
LINE
  5
334
330
1B
100
AcDbEntity
  8
F.Silkscreen
  6
CONTINUOUS
100
AcDbLine
 10
59.8725139999999953
 20
-19.2541089999999997
 30
0
 11
59.8719490000000008
 21
-19.2554719999999975
 31
0
  0
LINE
  5
335
330
1B
100
AcDbEntity
  8
F.Silkscreen
  6
CONTINUOUS
100
AcDbLine
 10
59.8719490000000008
 20
-19.2554719999999975
 30
0
 11
59.8714489999999984
 21
-19.2588539999999995
 31
0
  0
LINE
  5
336
330
1B
100
AcDbEntity
  8
F.Silkscreen
  6
CONTINUOUS
100
AcDbLine
 10
59.8714489999999984
 20
-19.2588539999999995
 30
0
 11
59.8000199999999964
 21
-19.5445679999999982
 31
0
  0
LINE
  5
337
330
1B
100
AcDbEntity
  8
F.Silkscreen
  6
CONTINUOUS
100
AcDbLine
 10
59.8000199999999964
 20
-19.5445679999999982
 30
0
 11
59.7995059999999938
 21
-19.5460059999999984
 31
0
  0
LINE
  5
338
330
1B
100
AcDbEntity
  8
F.Silkscreen
  6
CONTINUOUS
100
AcDbLine
 10
59.7995059999999938
 20
-19.5460059999999984
 30
0
 11
59.7994549999999947
 21
-19.5467259999999996
 31
0
  0
LINE
  5
339
330
1B
100
AcDbEntity
  8
F.Silkscreen
  6
CONTINUOUS
100
AcDbLine
 10
59.7994549999999947
 20
-19.5467259999999996
 30
0
 11
59.7963509999999943
 21
-19.5548359999999981
 31
0
  0
LINE
  5
33A
330
1B
100
AcDbEntity
  8
F.Silkscreen
  6
CONTINUOUS
100
AcDbLine
 10
59.7963509999999943
 20
-19.5548359999999981
 30
0
 11
59.7934249999999992
 21
-19.5630279999999992
 31
0
  0
LINE
  5
33B
330
1B
100
AcDbEntity
  8
F.Silkscreen
  6
CONTINUOUS
100
AcDbLine
 10
59.7934249999999992
 20
-19.5630279999999992
 30
0
 11
59.7929940000000002
 21
-19.5636079999999986
 31
0
  0
LINE
  5
33C
330
1B
100
AcDbEntity
  8
F.Silkscreen
  6
CONTINUOUS
100
AcDbLine
 10
59.7929940000000002
 20
-19.5636079999999986
 30
0
 11
59.7924489999999977
 21
-19.5650349999999982
 31
0
  0
LINE
  5
33D
330
1B
100
AcDbEntity
  8
F.Silkscreen
  6
CONTINUOUS
100
AcDbLine
 10
59.7924489999999977
 20
-19.5650349999999982
 30
0
 11
59.7210210000000004
 21
-19.7078919999999975
 31
0
  0
LINE
  5
33E
330
1B
100
AcDbEntity
  8
F.Silkscreen
  6
CONTINUOUS
100
AcDbLine
 10
59.7210210000000004
 20
-19.7078919999999975
 30
0
 11
59.7157349999999951
 21
-19.7162879999999987
 31
0
  0
LINE
  5
33F
330
1B
100
AcDbEntity
  8
F.Silkscreen
  6
CONTINUOUS
100
AcDbLine
 10
59.7157349999999951
 20
-19.7162879999999987
 30
0
 11
59.7147249999999943
 21
-19.7187279999999987
 31
0
  0
LINE
  5
340
330
1B
100
AcDbEntity
  8
F.Silkscreen
  6
CONTINUOUS
100
AcDbLine
 10
59.7147249999999943
 20
-19.7187279999999987
 30
0
 11
59.7124710000000007
 21
-19.7214740000000006
 31
0
  0
LINE
  5
341
330
1B
100
AcDbEntity
  8
F.Silkscreen
  6
CONTINUOUS
100
AcDbLine
 10
59.7124710000000007
 20
-19.7214740000000006
 30
0
 11
59.7105779999999982
 21
-19.7244819999999983
 31
0
  0
LINE
  5
342
330
1B
100
AcDbEntity
  8
F.Silkscreen
  6
CONTINUOUS
100
AcDbLine
 10
59.7105779999999982
 20
-19.7244819999999983
 30
0
 11
59.7085829999999973
 21
-19.7262109999999993
 31
0
  0
LINE
  5
343
330
1B
100
AcDbEntity
  8
F.Silkscreen
  6
CONTINUOUS
100
AcDbLine
 10
59.7085829999999973
 20
-19.7262109999999993
 30
0
 11
59.7022890000000004
 21
-19.7338819999999977
 31
0
  0
LINE
  5
344
330
1B
100
AcDbEntity
  8
F.Silkscreen
  6
CONTINUOUS
100
AcDbLine
 10
59.7022890000000004
 20
-19.7338819999999977
 30
0
 11
59.6308599999999984
 21
-19.8053109999999997
 31
0
  0
LINE
  5
345
330
1B
100
AcDbEntity
  8
F.Silkscreen
  6
CONTINUOUS
100
AcDbLine
 10
59.6308599999999984
 20
-19.8053109999999997
 30
0
 11
59.6231930000000006
 21
-19.8116020000000006
 31
0
  0
LINE
  5
346
330
1B
100
AcDbEntity
  8
F.Silkscreen
  6
CONTINUOUS
100
AcDbLine
 10
59.6231930000000006
 20
-19.8116020000000006
 30
0
 11
59.6214609999999965
 21
-19.8135999999999974
 31
0
  0
LINE
  5
347
330
1B
100
AcDbEntity
  8
F.Silkscreen
  6
CONTINUOUS
100
AcDbLine
 10
59.6214609999999965
 20
-19.8135999999999974
 30
0
 11
59.6184489999999983
 21
-19.8154949999999985
 31
0
  0
LINE
  5
348
330
1B
100
AcDbEntity
  8
F.Silkscreen
  6
CONTINUOUS
100
AcDbLine
 10
59.6184489999999983
 20
-19.8154949999999985
 30
0
 11
59.6157059999999959
 21
-19.8177470000000007
 31
0
  0
LINE
  5
349
330
1B
100
AcDbEntity
  8
F.Silkscreen
  6
CONTINUOUS
100
AcDbLine
 10
59.6157059999999959
 20
-19.8177470000000007
 30
0
 11
59.6132679999999979
 21
-19.8187560000000005
 31
0
  0
LINE
  5
34A
330
1B
100
AcDbEntity
  8
F.Silkscreen
  6
CONTINUOUS
100
AcDbLine
 10
59.6132679999999979
 20
-19.8187560000000005
 30
0
 11
59.6048699999999982
 21
-19.8240429999999996
 31
0
  0
LINE
  5
34B
330
1B
100
AcDbEntity
  8
F.Silkscreen
  6
CONTINUOUS
100
AcDbLine
 10
59.6048699999999982
 20
-19.8240429999999996
 30
0
 11
59.4620129999999989
 21
-19.8954710000000006
 31
0
  0
LINE
  5
34C
330
1B
100
AcDbEntity
  8
F.Silkscreen
  6
CONTINUOUS
100
AcDbLine
 10
59.4620129999999989
 20
-19.8954710000000006
 30
0
 11
59.4437049999999942
 21
-19.9024769999999975
 31
0
  0
LINE
  5
34D
330
1B
100
AcDbEntity
  8
F.Silkscreen
  6
CONTINUOUS
100
AcDbLine
 10
59.4437049999999942
 20
-19.9024769999999975
 30
0
 11
59.4401209999999978
 21
-19.9027309999999993
 31
0
  0
LINE
  5
34E
330
1B
100
AcDbEntity
  8
F.Silkscreen
  6
CONTINUOUS
100
AcDbLine
 10
59.4401209999999978
 20
-19.9027309999999993
 30
0
 11
59.4368009999999956
 21
-19.9041069999999998
 31
0
  0
LINE
  5
34F
330
1B
100
AcDbEntity
  8
F.Silkscreen
  6
CONTINUOUS
100
AcDbLine
 10
59.4368009999999956
 20
-19.9041069999999998
 30
0
 11
59.4172919999999962
 21
-19.9060279999999992
 31
0
  0
LINE
  5
350
330
1B
100
AcDbEntity
  8
F.Silkscreen
  6
CONTINUOUS
100
AcDbLine
 10
59.4172919999999962
 20
-19.9060279999999992
 30
0
 11
59.2744349999999969
 21
-19.9060279999999992
 31
0
  0
LINE
  5
351
330
1B
100
AcDbEntity
  8
F.Silkscreen
  6
CONTINUOUS
100
AcDbLine
 10
59.2744349999999969
 20
-19.9060279999999992
 30
0
 11
59.2549259999999975
 21
-19.9041069999999998
 31
0
  0
LINE
  5
352
330
1B
100
AcDbEntity
  8
F.Silkscreen
  6
CONTINUOUS
100
AcDbLine
 10
59.2549259999999975
 20
-19.9041069999999998
 30
0
 11
59.2516049999999979
 21
-19.9027309999999993
 31
0
  0
LINE
  5
353
330
1B
100
AcDbEntity
  8
F.Silkscreen
  6
CONTINUOUS
100
AcDbLine
 10
59.2516049999999979
 20
-19.9027309999999993
 30
0
 11
59.2480229999999963
 21
-19.9024769999999975
 31
0
  0
LINE
  5
354
330
1B
100
AcDbEntity
  8
F.Silkscreen
  6
CONTINUOUS
100
AcDbLine
 10
59.2480229999999963
 20
-19.9024769999999975
 30
0
 11
59.2297139999999942
 21
-19.8954710000000006
 31
0
  0
LINE
  5
355
330
1B
100
AcDbEntity
  8
F.Silkscreen
  6
CONTINUOUS
100
AcDbLine
 10
59.2297139999999942
 20
-19.8954710000000006
 30
0
 11
59.0868569999999949
 21
-19.8240429999999996
 31
0
  0
LINE
  5
356
330
1B
100
AcDbEntity
  8
F.Silkscreen
  6
CONTINUOUS
100
AcDbLine
 10
59.0868569999999949
 20
-19.8240429999999996
 30
0
 11
59.0784599999999998
 21
-19.818756999999998
 31
0
  0
LINE
  5
357
330
1B
100
AcDbEntity
  8
F.Silkscreen
  6
CONTINUOUS
100
AcDbLine
 10
59.0784599999999998
 20
-19.818756999999998
 30
0
 11
59.0760209999999972
 21
-19.8177470000000007
 31
0
  0
LINE
  5
358
330
1B
100
AcDbEntity
  8
F.Silkscreen
  6
CONTINUOUS
100
AcDbLine
 10
59.0760209999999972
 20
-19.8177470000000007
 30
0
 11
59.0732739999999978
 21
-19.815493
 31
0
  0
LINE
  5
359
330
1B
100
AcDbEntity
  8
F.Silkscreen
  6
CONTINUOUS
100
AcDbLine
 10
59.0732739999999978
 20
-19.815493
 30
0
 11
59.0702669999999941
 21
-19.8135999999999974
 31
0
  0
LINE
  5
35A
330
1B
100
AcDbEntity
  8
F.Silkscreen
  6
CONTINUOUS
100
AcDbLine
 10
59.0702669999999941
 20
-19.8135999999999974
 30
0
 11
59.0685369999999992
 21
-19.8116050000000001
 31
0
  0
LINE
  5
35B
330
1B
100
AcDbEntity
  8
F.Silkscreen
  6
CONTINUOUS
100
AcDbLine
 10
59.0685369999999992
 20
-19.8116050000000001
 30
0
 11
59.0608669999999947
 21
-19.8053109999999997
 31
0
  0
LINE
  5
35C
330
1B
100
AcDbEntity
  8
F.Silkscreen
  6
CONTINUOUS
100
AcDbLine
 10
59.0608669999999947
 20
-19.8053109999999997
 30
0
 11
58.9894379999999998
 21
-19.7338819999999977
 31
0
  0
LINE
  5
35D
330
1B
100
AcDbEntity
  8
F.Silkscreen
  6
CONTINUOUS
100
AcDbLine
 10
58.9894379999999998
 20
-19.7338819999999977
 30
0
 11
58.9831459999999979
 21
-19.7262149999999998
 31
0
  0
LINE
  5
35E
330
1B
100
AcDbEntity
  8
F.Silkscreen
  6
CONTINUOUS
100
AcDbLine
 10
58.9831459999999979
 20
-19.7262149999999998
 30
0
 11
58.9811489999999949
 21
-19.7244829999999993
 31
0
  0
LINE
  5
35F
330
1B
100
AcDbEntity
  8
F.Silkscreen
  6
CONTINUOUS
100
AcDbLine
 10
58.9811489999999949
 20
-19.7244829999999993
 30
0
 11
58.9792529999999999
 21
-19.7214709999999975
 31
0
  0
LINE
  5
360
330
1B
100
AcDbEntity
  8
F.Silkscreen
  6
CONTINUOUS
100
AcDbLine
 10
58.9792529999999999
 20
-19.7214709999999975
 30
0
 11
58.9770019999999988
 21
-19.7187279999999987
 31
0
  0
LINE
  5
361
330
1B
100
AcDbEntity
  8
F.Silkscreen
  6
CONTINUOUS
100
AcDbLine
 10
58.9770019999999988
 20
-19.7187279999999987
 30
0
 11
58.975991999999998
 21
-19.7162900000000008
 31
0
  0
LINE
  5
362
330
1B
100
AcDbEntity
  8
F.Silkscreen
  6
CONTINUOUS
100
AcDbLine
 10
58.975991999999998
 20
-19.7162900000000008
 30
0
 11
58.9707059999999998
 21
-19.7078919999999975
 31
0
  0
LINE
  5
363
330
1B
100
AcDbEntity
  8
F.Silkscreen
  6
CONTINUOUS
100
AcDbLine
 10
58.9707059999999998
 20
-19.7078919999999975
 30
0
 11
58.8992769999999979
 21
-19.5650359999999992
 31
0
  0
LINE
  5
364
330
1B
100
AcDbEntity
  8
F.Silkscreen
  6
CONTINUOUS
100
AcDbLine
 10
58.8992769999999979
 20
-19.5650359999999992
 30
0
 11
58.8987300000000005
 21
-19.5636069999999975
 31
0
  0
LINE
  5
365
330
1B
100
AcDbEntity
  8
F.Silkscreen
  6
CONTINUOUS
100
AcDbLine
 10
58.8987300000000005
 20
-19.5636069999999975
 30
0
 11
58.8983009999999965
 21
-19.5630279999999992
 31
0
  0
LINE
  5
366
330
1B
100
AcDbEntity
  8
F.Silkscreen
  6
CONTINUOUS
100
AcDbLine
 10
58.8983009999999965
 20
-19.5630279999999992
 30
0
 11
58.8953819999999979
 21
-19.5548569999999984
 31
0
  0
LINE
  5
367
330
1B
100
AcDbEntity
  8
F.Silkscreen
  6
CONTINUOUS
100
AcDbLine
 10
58.8953819999999979
 20
-19.5548569999999984
 30
0
 11
58.8922709999999938
 21
-19.5467270000000006
 31
0
  0
LINE
  5
368
330
1B
100
AcDbEntity
  8
F.Silkscreen
  6
CONTINUOUS
100
AcDbLine
 10
58.8922709999999938
 20
-19.5467270000000006
 30
0
 11
58.8922189999999972
 21
-19.5460039999999999
 31
0
  0
LINE
  5
369
330
1B
100
AcDbEntity
  8
F.Silkscreen
  6
CONTINUOUS
100
AcDbLine
 10
58.8922189999999972
 20
-19.5460039999999999
 30
0
 11
58.8917059999999992
 21
-19.5445670000000007
 31
0
  0
LINE
  5
36A
330
1B
100
AcDbEntity
  8
F.Silkscreen
  6
CONTINUOUS
100
AcDbLine
 10
58.8917059999999992
 20
-19.5445670000000007
 30
0
 11
58.8202779999999947
 21
-19.2588529999999984
 31
0
  0
LINE
  5
36B
330
1B
100
AcDbEntity
  8
F.Silkscreen
  6
CONTINUOUS
100
AcDbLine
 10
58.8202779999999947
 20
-19.2588529999999984
 30
0
 11
58.8197779999999995
 21
-19.2554729999999985
 31
0
  0
LINE
  5
36C
330
1B
100
AcDbEntity
  8
F.Silkscreen
  6
CONTINUOUS
100
AcDbLine
 10
58.8197779999999995
 20
-19.2554729999999985
 30
0
 11
58.8192129999999977
 21
-19.2541089999999997
 31
0
  0
LINE
  5
36D
330
1B
100
AcDbEntity
  8
F.Silkscreen
  6
CONTINUOUS
100
AcDbLine
 10
58.8192129999999977
 20
-19.2541089999999997
 30
0
 11
58.8184889999999996
 21
-19.2467569999999988
 31
0
  0
LINE
  5
36E
330
1B
100
AcDbEntity
  8
F.Silkscreen
  6
CONTINUOUS
100
AcDbLine
 10
58.8184889999999996
 20
-19.2467569999999988
 30
0
 11
58.8174099999999953
 21
-19.2394609999999986
 31
0
  0
LINE
  5
36F
330
1B
100
AcDbEntity
  8
F.Silkscreen
  6
CONTINUOUS
100
AcDbLine
 10
58.8174099999999953
 20
-19.2394609999999986
 30
0
 11
58.8176269999999946
 21
-19.238001999999998
 31
0
  0
LINE
  5
370
330
1B
100
AcDbEntity
  8
F.Silkscreen
  6
CONTINUOUS
100
AcDbLine
 10
58.8176269999999946
 20
-19.238001999999998
 30
0
 11
58.8172919999999948
 21
-19.2346000000000004
 31
0
  0
LINE
  5
371
330
1B
100
AcDbEntity
  8
F.Silkscreen
  6
CONTINUOUS
100
AcDbLine
 10
58.8172919999999948
 20
-19.2346000000000004
 30
0
 11
58.8172919999999948
 21
-18.8774569999999997
 31
0
  0
LINE
  5
372
330
1B
100
AcDbEntity
  8
F.Silkscreen
  6
CONTINUOUS
100
AcDbLine
 10
58.8172919999999948
 20
-18.8774569999999997
 30
0
 11
58.8176269999999946
 21
-18.8740539999999974
 31
0
  0
LINE
  5
373
330
1B
100
AcDbEntity
  8
F.Silkscreen
  6
CONTINUOUS
100
AcDbLine
 10
58.8176269999999946
 20
-18.8740539999999974
 30
0
 11
58.8174099999999953
 21
-18.8725959999999979
 31
0
  0
LINE
  5
374
330
1B
100
AcDbEntity
  8
F.Silkscreen
  6
CONTINUOUS
100
AcDbLine
 10
58.8174099999999953
 20
-18.8725959999999979
 30
0
 11
58.8184889999999996
 21
-18.8652990000000003
 31
0
  0
LINE
  5
375
330
1B
100
AcDbEntity
  8
F.Silkscreen
  6
CONTINUOUS
100
AcDbLine
 10
58.8184889999999996
 20
-18.8652990000000003
 30
0
 11
58.8192129999999977
 21
-18.8579480000000004
 31
0
  0
LINE
  5
376
330
1B
100
AcDbEntity
  8
F.Silkscreen
  6
CONTINUOUS
100
AcDbLine
 10
58.8192129999999977
 20
-18.8579480000000004
 30
0
 11
58.8197779999999995
 21
-18.8565830000000005
 31
0
  0
LINE
  5
377
330
1B
100
AcDbEntity
  8
F.Silkscreen
  6
CONTINUOUS
100
AcDbLine
 10
58.8197779999999995
 20
-18.8565830000000005
 30
0
 11
58.8202779999999947
 21
-18.8532039999999981
 31
0
  0
LINE
  5
378
330
1B
100
AcDbEntity
  8
F.Silkscreen
  6
CONTINUOUS
100
AcDbLine
 10
58.8202779999999947
 20
-18.8532039999999981
 30
0
 11
58.8917059999999992
 21
-18.5674889999999984
 31
0
  0
LINE
  5
379
330
1B
100
AcDbEntity
  8
F.Silkscreen
  6
CONTINUOUS
100
AcDbLine
 10
58.8917059999999992
 20
-18.5674889999999984
 30
0
 11
58.8922189999999972
 21
-18.5660509999999981
 31
0
  0
LINE
  5
37A
330
1B
100
AcDbEntity
  8
F.Silkscreen
  6
CONTINUOUS
100
AcDbLine
 10
58.8922189999999972
 20
-18.5660509999999981
 30
0
 11
58.8922709999999938
 21
-18.5653289999999984
 31
0
  0
LINE
  5
37B
330
1B
100
AcDbEntity
  8
F.Silkscreen
  6
CONTINUOUS
100
AcDbLine
 10
58.8922709999999938
 20
-18.5653289999999984
 30
0
 11
58.8953819999999979
 21
-18.5571979999999996
 31
0
  0
LINE
  5
37C
330
1B
100
AcDbEntity
  8
F.Silkscreen
  6
CONTINUOUS
100
AcDbLine
 10
58.8953819999999979
 20
-18.5571979999999996
 30
0
 11
58.8983009999999965
 21
-18.5490279999999998
 31
0
  0
LINE
  5
37D
330
1B
100
AcDbEntity
  8
F.Silkscreen
  6
CONTINUOUS
100
AcDbLine
 10
58.8983009999999965
 20
-18.5490279999999998
 30
0
 11
58.8987300000000005
 21
-18.5484480000000005
 31
0
  0
LINE
  5
37E
330
1B
100
AcDbEntity
  8
F.Silkscreen
  6
CONTINUOUS
100
AcDbLine
 10
58.8987300000000005
 20
-18.5484480000000005
 30
0
 11
58.8992769999999979
 21
-18.5470199999999998
 31
0
  0
LINE
  5
37F
330
1B
100
AcDbEntity
  8
F.Silkscreen
  6
CONTINUOUS
100
AcDbLine
 10
58.8992769999999979
 20
-18.5470199999999998
 30
0
 11
58.9707059999999998
 21
-18.404163999999998
 31
0
  0
LINE
  5
380
330
1B
100
AcDbEntity
  8
F.Silkscreen
  6
CONTINUOUS
100
AcDbLine
 10
58.9707059999999998
 20
-18.404163999999998
 30
0
 11
58.9759910000000005
 21
-18.3957669999999993
 31
0
  0
LINE
  5
381
330
1B
100
AcDbEntity
  8
F.Silkscreen
  6
CONTINUOUS
100
AcDbLine
 10
58.9759910000000005
 20
-18.3957669999999993
 30
0
 11
58.9770019999999988
 21
-18.3933269999999993
 31
0
  0
LINE
  5
382
330
1B
100
AcDbEntity
  8
F.Silkscreen
  6
CONTINUOUS
100
AcDbLine
 10
58.9770019999999988
 20
-18.3933269999999993
 30
0
 11
58.9792549999999949
 21
-18.3905809999999974
 31
0
  0
LINE
  5
383
330
1B
100
AcDbEntity
  8
F.Silkscreen
  6
CONTINUOUS
100
AcDbLine
 10
58.9792549999999949
 20
-18.3905809999999974
 30
0
 11
58.9811489999999949
 21
-18.3875729999999997
 31
0
  0
LINE
  5
384
330
1B
100
AcDbEntity
  8
F.Silkscreen
  6
CONTINUOUS
100
AcDbLine
 10
58.9811489999999949
 20
-18.3875729999999997
 30
0
 11
58.9831459999999979
 21
-18.3858399999999982
 31
0
  0
LINE
  5
385
330
1B
100
AcDbEntity
  8
F.Silkscreen
  6
CONTINUOUS
100
AcDbLine
 10
58.9831459999999979
 20
-18.3858399999999982
 30
0
 11
58.9894389999999973
 21
-18.3781739999999978
 31
0
  0
LINE
  5
386
330
1B
100
AcDbEntity
  8
F.Silkscreen
  6
CONTINUOUS
100
AcDbLine
 10
58.9894389999999973
 20
-18.3781739999999978
 30
0
 11
59.0608679999999993
 21
-18.3067460000000004
 31
0
  0
LINE
  5
387
330
1B
100
AcDbEntity
  8
F.Silkscreen
  6
CONTINUOUS
100
AcDbLine
 10
59.0608679999999993
 20
-18.3067460000000004
 30
0
 11
59.0685339999999997
 21
-18.3004529999999974
 31
0
  0
LINE
  5
388
330
1B
100
AcDbEntity
  8
F.Silkscreen
  6
CONTINUOUS
100
AcDbLine
 10
59.0685339999999997
 20
-18.3004529999999974
 30
0
 11
59.0702659999999966
 21
-18.2984569999999991
 31
0
  0
LINE
  5
389
330
1B
100
AcDbEntity
  8
F.Silkscreen
  6
CONTINUOUS
100
AcDbLine
 10
59.0702659999999966
 20
-18.2984569999999991
 30
0
 11
59.0732739999999978
 21
-18.296562999999999
 31
0
  0
LINE
  5
38A
330
1B
100
AcDbEntity
  8
F.Silkscreen
  6
CONTINUOUS
100
AcDbLine
 10
59.0732739999999978
 20
-18.296562999999999
 30
0
 11
59.0760209999999972
 21
-18.2943089999999984
 31
0
  0
LINE
  5
38B
330
1B
100
AcDbEntity
  8
F.Silkscreen
  6
CONTINUOUS
100
AcDbLine
 10
59.0760209999999972
 20
-18.2943089999999984
 30
0
 11
59.0784609999999972
 21
-18.2932980000000001
 31
0
  0
LINE
  5
38C
330
1B
100
AcDbEntity
  8
F.Silkscreen
  6
CONTINUOUS
100
AcDbLine
 10
59.0784609999999972
 20
-18.2932980000000001
 30
0
 11
59.0868559999999974
 21
-18.2880140000000004
 31
0
  0
LINE
  5
38D
330
1B
100
AcDbEntity
  8
F.Silkscreen
  6
CONTINUOUS
100
AcDbLine
 10
59.0868559999999974
 20
-18.2880140000000004
 30
0
 11
59.2297129999999967
 21
-18.2165849999999985
 31
0
  0
LINE
  5
38E
330
1B
100
AcDbEntity
  8
F.Silkscreen
  6
CONTINUOUS
100
AcDbLine
 10
59.2297129999999967
 20
-18.2165849999999985
 30
0
 11
59.2480219999999989
 21
-18.209578999999998
 31
0
  0
LINE
  5
38F
330
1B
100
AcDbEntity
  8
F.Silkscreen
  6
CONTINUOUS
100
AcDbLine
 10
59.2480219999999989
 20
-18.209578999999998
 30
0
 11
59.2516049999999979
 21
-18.2093239999999987
 31
0
  0
LINE
  5
390
330
1B
100
AcDbEntity
  8
F.Silkscreen
  6
CONTINUOUS
100
AcDbLine
 10
59.2516049999999979
 20
-18.2093239999999987
 30
0
 11
59.2549259999999975
 21
-18.2079489999999993
 31
0
  0
LINE
  5
391
330
1B
100
AcDbEntity
  8
F.Silkscreen
  6
CONTINUOUS
100
AcDbLine
 10
59.2549259999999975
 20
-18.2079489999999993
 30
0
 11
59.2744349999999969
 21
-18.2060279999999999
 31
0
  0
LINE
  5
392
330
1B
100
AcDbEntity
  8
F.Silkscreen
  6
CONTINUOUS
100
AcDbLine
 10
59.2744349999999969
 20
-18.2060279999999999
 30
0
 11
59.4172919999999962
 21
-18.2060279999999999
 31
0
  0
LINE
  5
393
330
1B
100
AcDbEntity
  8
F.Silkscreen
  6
CONTINUOUS
100
AcDbLine
 10
59.4172919999999962
 20
-18.2060279999999999
 30
0
 11
59.4368009999999956
 21
-18.2079489999999993
 31
0
  0
LINE
  5
394
330
1B
100
AcDbEntity
  8
F.Silkscreen
  6
CONTINUOUS
100
AcDbLine
 10
59.1908109999999965
 20
-18.4596429999999998
 30
0
 11
59.1423349999999957
 21
-18.5081190000000007
 31
0
  0
LINE
  5
395
330
1B
100
AcDbEntity
  8
F.Silkscreen
  6
CONTINUOUS
100
AcDbLine
 10
59.1423349999999957
 20
-18.5081190000000007
 30
0
 11
59.0830699999999993
 21
-18.6266490000000005
 31
0
  0
LINE
  5
396
330
1B
100
AcDbEntity
  8
F.Silkscreen
  6
CONTINUOUS
100
AcDbLine
 10
59.0830699999999993
 20
-18.6266490000000005
 30
0
 11
59.0172919999999976
 21
-18.8897650000000006
 31
0
  0
LINE
  5
397
330
1B
100
AcDbEntity
  8
F.Silkscreen
  6
CONTINUOUS
100
AcDbLine
 10
59.0172919999999976
 20
-18.8897650000000006
 30
0
 11
59.0172919999999976
 21
-19.2222909999999985
 31
0
  0
LINE
  5
398
330
1B
100
AcDbEntity
  8
F.Silkscreen
  6
CONTINUOUS
100
AcDbLine
 10
59.0172919999999976
 20
-19.2222909999999985
 30
0
 11
59.0830699999999993
 21
-19.4854069999999986
 31
0
  0
LINE
  5
399
330
1B
100
AcDbEntity
  8
F.Silkscreen
  6
CONTINUOUS
100
AcDbLine
 10
59.0830699999999993
 20
-19.4854069999999986
 30
0
 11
59.1423339999999982
 21
-19.6039339999999989
 31
0
  0
LINE
  5
39A
330
1B
100
AcDbEntity
  8
F.Silkscreen
  6
CONTINUOUS
100
AcDbLine
 10
59.1423339999999982
 20
-19.6039339999999989
 30
0
 11
59.190813999999996
 21
-19.6524140000000003
 31
0
  0
LINE
  5
39B
330
1B
100
AcDbEntity
  8
F.Silkscreen
  6
CONTINUOUS
100
AcDbLine
 10
59.190813999999996
 20
-19.6524140000000003
 30
0
 11
59.2980419999999953
 21
-19.7060279999999999
 31
0
  0
LINE
  5
39C
330
1B
100
AcDbEntity
  8
F.Silkscreen
  6
CONTINUOUS
100
AcDbLine
 10
59.2980419999999953
 20
-19.7060279999999999
 30
0
 11
59.3936849999999978
 21
-19.7060279999999999
 31
0
  0
LINE
  5
39D
330
1B
100
AcDbEntity
  8
F.Silkscreen
  6
CONTINUOUS
100
AcDbLine
 10
59.3936849999999978
 20
-19.7060279999999999
 30
0
 11
59.5009119999999996
 21
-19.6524140000000003
 31
0
  0
LINE
  5
39E
330
1B
100
AcDbEntity
  8
F.Silkscreen
  6
CONTINUOUS
100
AcDbLine
 10
59.5009119999999996
 20
-19.6524140000000003
 30
0
 11
59.5493919999999974
 21
-19.6039339999999989
 31
0
  0
LINE
  5
39F
330
1B
100
AcDbEntity
  8
F.Silkscreen
  6
CONTINUOUS
100
AcDbLine
 10
59.5493919999999974
 20
-19.6039339999999989
 30
0
 11
59.6086539999999943
 21
-19.4854099999999981
 31
0
  0
LINE
  5
3A0
330
1B
100
AcDbEntity
  8
F.Silkscreen
  6
CONTINUOUS
100
AcDbLine
 10
59.6086539999999943
 20
-19.4854099999999981
 30
0
 11
59.6744349999999955
 21
-19.2222899999999974
 31
0
  0
LINE
  5
3A1
330
1B
100
AcDbEntity
  8
F.Silkscreen
  6
CONTINUOUS
100
AcDbLine
 10
59.6744349999999955
 20
-19.2222899999999974
 30
0
 11
59.6744349999999955
 21
-18.8897659999999981
 31
0
  0
LINE
  5
3A2
330
1B
100
AcDbEntity
  8
F.Silkscreen
  6
CONTINUOUS
100
AcDbLine
 10
59.6744349999999955
 20
-18.8897659999999981
 30
0
 11
59.6086539999999943
 21
-18.6266449999999999
 31
0
  0
LINE
  5
3A3
330
1B
100
AcDbEntity
  8
F.Silkscreen
  6
CONTINUOUS
100
AcDbLine
 10
59.6086539999999943
 20
-18.6266449999999999
 30
0
 11
59.5493919999999974
 21
-18.5081199999999981
 31
0
  0
LINE
  5
3A4
330
1B
100
AcDbEntity
  8
F.Silkscreen
  6
CONTINUOUS
100
AcDbLine
 10
59.5493919999999974
 20
-18.5081199999999981
 30
0
 11
59.5009149999999991
 21
-18.4596440000000008
 31
0
  0
LINE
  5
3A5
330
1B
100
AcDbEntity
  8
F.Silkscreen
  6
CONTINUOUS
100
AcDbLine
 10
59.5009149999999991
 20
-18.4596440000000008
 30
0
 11
59.3936840000000004
 21
-18.4060279999999992
 31
0
  0
LINE
  5
3A6
330
1B
100
AcDbEntity
  8
F.Silkscreen
  6
CONTINUOUS
100
AcDbLine
 10
59.3936840000000004
 20
-18.4060279999999992
 30
0
 11
59.2980419999999953
 21
-18.4060279999999992
 31
0
  0
LINE
  5
3A7
330
1B
100
AcDbEntity
  8
F.Silkscreen
  6
CONTINUOUS
100
AcDbLine
 10
59.2980419999999953
 20
-18.4060279999999992
 30
0
 11
59.1908109999999965
 21
-18.4596429999999998
 31
0
  0
LINE
  5
3A8
330
1B
100
AcDbEntity
  8
F.Silkscreen
  6
CONTINUOUS
100
AcDbLine
 10
53.2225149999999942
 20
-18.2079489999999993
 30
0
 11
53.2258349999999965
 21
-18.2093239999999987
 31
0
  0
LINE
  5
3A9
330
1B
100
AcDbEntity
  8
F.Silkscreen
  6
CONTINUOUS
100
AcDbLine
 10
53.2258349999999965
 20
-18.2093239999999987
 30
0
 11
53.229419
 21
-18.209578999999998
 31
0
  0
LINE
  5
3AA
330
1B
100
AcDbEntity
  8
F.Silkscreen
  6
CONTINUOUS
100
AcDbLine
 10
53.229419
 20
-18.209578999999998
 30
0
 11
53.2477279999999951
 21
-18.2165849999999985
 31
0
  0
LINE
  5
3AB
330
1B
100
AcDbEntity
  8
F.Silkscreen
  6
CONTINUOUS
100
AcDbLine
 10
53.2477279999999951
 20
-18.2165849999999985
 30
0
 11
53.3905839999999969
 21
-18.2880140000000004
 31
0
  0
LINE
  5
3AC
330
1B
100
AcDbEntity
  8
F.Silkscreen
  6
CONTINUOUS
100
AcDbLine
 10
53.3905839999999969
 20
-18.2880140000000004
 30
0
 11
53.3989779999999996
 21
-18.293296999999999
 31
0
  0
LINE
  5
3AD
330
1B
100
AcDbEntity
  8
F.Silkscreen
  6
CONTINUOUS
100
AcDbLine
 10
53.3989779999999996
 20
-18.293296999999999
 30
0
 11
53.4014199999999946
 21
-18.2943089999999984
 31
0
  0
LINE
  5
3AE
330
1B
100
AcDbEntity
  8
F.Silkscreen
  6
CONTINUOUS
100
AcDbLine
 10
53.4014199999999946
 20
-18.2943089999999984
 30
0
 11
53.4041670000000011
 21
-18.296562999999999
 31
0
  0
LINE
  5
3AF
330
1B
100
AcDbEntity
  8
F.Silkscreen
  6
CONTINUOUS
100
AcDbLine
 10
53.4041670000000011
 20
-18.296562999999999
 30
0
 11
53.4071749999999952
 21
-18.2984569999999991
 31
0
  0
LINE
  5
3B0
330
1B
100
AcDbEntity
  8
F.Silkscreen
  6
CONTINUOUS
100
AcDbLine
 10
53.4071749999999952
 20
-18.2984569999999991
 30
0
 11
53.4089059999999947
 21
-18.3004529999999974
 31
0
  0
LINE
  5
3B1
330
1B
100
AcDbEntity
  8
F.Silkscreen
  6
CONTINUOUS
100
AcDbLine
 10
53.4089059999999947
 20
-18.3004529999999974
 30
0
 11
53.4165729999999996
 21
-18.3067460000000004
 31
0
  0
LINE
  5
3B2
330
1B
100
AcDbEntity
  8
F.Silkscreen
  6
CONTINUOUS
100
AcDbLine
 10
53.4165729999999996
 20
-18.3067460000000004
 30
0
 11
53.4880019999999945
 21
-18.3781739999999978
 31
0
  0
LINE
  5
3B3
330
1B
100
AcDbEntity
  8
F.Silkscreen
  6
CONTINUOUS
100
AcDbLine
 10
53.4880019999999945
 20
-18.3781739999999978
 30
0
 11
53.494296999999996
 21
-18.3858429999999977
 31
0
  0
LINE
  5
3B4
330
1B
100
AcDbEntity
  8
F.Silkscreen
  6
CONTINUOUS
100
AcDbLine
 10
53.494296999999996
 20
-18.3858429999999977
 30
0
 11
53.4962919999999968
 21
-18.3875740000000008
 31
0
  0
LINE
  5
3B5
330
1B
100
AcDbEntity
  8
F.Silkscreen
  6
CONTINUOUS
100
AcDbLine
 10
53.4962919999999968
 20
-18.3875740000000008
 30
0
 11
53.4981829999999974
 21
-18.3905789999999989
 31
0
  0
LINE
  5
3B6
330
1B
100
AcDbEntity
  8
F.Silkscreen
  6
CONTINUOUS
100
AcDbLine
 10
53.4981829999999974
 20
-18.3905789999999989
 30
0
 11
53.5004390000000001
 21
-18.3933269999999993
 31
0
  0
LINE
  5
3B7
330
1B
100
AcDbEntity
  8
F.Silkscreen
  6
CONTINUOUS
100
AcDbLine
 10
53.5004390000000001
 20
-18.3933269999999993
 30
0
 11
53.5014499999999984
 21
-18.3957680000000003
 31
0
  0
LINE
  5
3B8
330
1B
100
AcDbEntity
  8
F.Silkscreen
  6
CONTINUOUS
100
AcDbLine
 10
53.5014499999999984
 20
-18.3957680000000003
 30
0
 11
53.506734999999999
 21
-18.404163999999998
 31
0
  0
LINE
  5
3B9
330
1B
100
AcDbEntity
  8
F.Silkscreen
  6
CONTINUOUS
100
AcDbLine
 10
53.506734999999999
 20
-18.404163999999998
 30
0
 11
53.5781629999999964
 21
-18.5470210000000009
 31
0
  0
LINE
  5
3BA
330
1B
100
AcDbEntity
  8
F.Silkscreen
  6
CONTINUOUS
100
AcDbLine
 10
53.5781629999999964
 20
-18.5470210000000009
 30
0
 11
53.5851690000000005
 21
-18.5653299999999994
 31
0
  0
LINE
  5
3BB
330
1B
100
AcDbEntity
  8
F.Silkscreen
  6
CONTINUOUS
100
AcDbLine
 10
53.5851690000000005
 20
-18.5653299999999994
 30
0
 11
53.5854229999999987
 21
-18.5689119999999974
 31
0
  0
LINE
  5
3BC
330
1B
100
AcDbEntity
  8
F.Silkscreen
  6
CONTINUOUS
100
AcDbLine
 10
53.5854229999999987
 20
-18.5689119999999974
 30
0
 11
53.5867989999999992
 21
-18.5722330000000007
 31
0
  0
LINE
  5
3BD
330
1B
100
AcDbEntity
  8
F.Silkscreen
  6
CONTINUOUS
100
AcDbLine
 10
53.5867989999999992
 20
-18.5722330000000007
 30
0
 11
53.588719999999995
 21
-18.591742
 31
0
  0
LINE
  5
3BE
330
1B
100
AcDbEntity
  8
F.Silkscreen
  6
CONTINUOUS
100
AcDbLine
 10
53.588719999999995
 20
-18.591742
 30
0
 11
53.588719999999995
 21
-18.8060279999999977
 31
0
  0
LINE
  5
3BF
330
1B
100
AcDbEntity
  8
F.Silkscreen
  6
CONTINUOUS
100
AcDbLine
 10
53.588719999999995
 20
-18.8060279999999977
 30
0
 11
53.5867989999999992
 21
-18.8255370000000006
 31
0
  0
LINE
  5
3C0
330
1B
100
AcDbEntity
  8
F.Silkscreen
  6
CONTINUOUS
100
AcDbLine
 10
53.5867989999999992
 20
-18.8255370000000006
 30
0
 11
53.5854229999999987
 21
-18.8288569999999993
 31
0
  0
LINE
  5
3C1
330
1B
100
AcDbEntity
  8
F.Silkscreen
  6
CONTINUOUS
100
AcDbLine
 10
53.5854229999999987
 20
-18.8288569999999993
 30
0
 11
53.5851690000000005
 21
-18.8324399999999983
 31
0
  0
LINE
  5
3C2
330
1B
100
AcDbEntity
  8
F.Silkscreen
  6
CONTINUOUS
100
AcDbLine
 10
53.5851690000000005
 20
-18.8324399999999983
 30
0
 11
53.5781629999999964
 21
-18.8507490000000004
 31
0
  0
LINE
  5
3C3
330
1B
100
AcDbEntity
  8
F.Silkscreen
  6
CONTINUOUS
100
AcDbLine
 10
53.5781629999999964
 20
-18.8507490000000004
 30
0
 11
53.506734999999999
 21
-18.9936059999999998
 31
0
  0
LINE
  5
3C4
330
1B
100
AcDbEntity
  8
F.Silkscreen
  6
CONTINUOUS
100
AcDbLine
 10
53.506734999999999
 20
-18.9936059999999998
 30
0
 11
53.5014490000000009
 21
-19.0020019999999974
 31
0
  0
LINE
  5
3C5
330
1B
100
AcDbEntity
  8
F.Silkscreen
  6
CONTINUOUS
100
AcDbLine
 10
53.5014490000000009
 20
-19.0020019999999974
 30
0
 11
53.5004390000000001
 21
-19.0044419999999974
 31
0
  0
LINE
  5
3C6
330
1B
100
AcDbEntity
  8
F.Silkscreen
  6
CONTINUOUS
100
AcDbLine
 10
53.5004390000000001
 20
-19.0044419999999974
 30
0
 11
53.4981849999999994
 21
-19.0071879999999993
 31
0
  0
LINE
  5
3C7
330
1B
100
AcDbEntity
  8
F.Silkscreen
  6
CONTINUOUS
100
AcDbLine
 10
53.4981849999999994
 20
-19.0071879999999993
 30
0
 11
53.4962919999999968
 21
-19.0101960000000005
 31
0
  0
LINE
  5
3C8
330
1B
100
AcDbEntity
  8
F.Silkscreen
  6
CONTINUOUS
100
AcDbLine
 10
53.4962919999999968
 20
-19.0101960000000005
 30
0
 11
53.494296999999996
 21
-19.011924999999998
 31
0
  0
LINE
  5
3C9
330
1B
100
AcDbEntity
  8
F.Silkscreen
  6
CONTINUOUS
100
AcDbLine
 10
53.494296999999996
 20
-19.011924999999998
 30
0
 11
53.4880029999999991
 21
-19.0195959999999999
 31
0
  0
LINE
  5
3CA
330
1B
100
AcDbEntity
  8
F.Silkscreen
  6
CONTINUOUS
100
AcDbLine
 10
53.4880029999999991
 20
-19.0195959999999999
 30
0
 11
53.4165739999999971
 21
-19.0910249999999984
 31
0
  0
LINE
  5
3CB
330
1B
100
AcDbEntity
  8
F.Silkscreen
  6
CONTINUOUS
100
AcDbLine
 10
53.4165739999999971
 20
-19.0910249999999984
 30
0
 11
53.4089069999999992
 21
-19.0973159999999993
 31
0
  0
LINE
  5
3CC
330
1B
100
AcDbEntity
  8
F.Silkscreen
  6
CONTINUOUS
100
AcDbLine
 10
53.4089069999999992
 20
-19.0973159999999993
 30
0
 11
53.4071749999999952
 21
-19.0993139999999997
 31
0
  0
LINE
  5
3CD
330
1B
100
AcDbEntity
  8
F.Silkscreen
  6
CONTINUOUS
100
AcDbLine
 10
53.4071749999999952
 20
-19.0993139999999997
 30
0
 11
53.4041629999999969
 21
-19.1012090000000008
 31
0
  0
LINE
  5
3CE
330
1B
100
AcDbEntity
  8
F.Silkscreen
  6
CONTINUOUS
100
AcDbLine
 10
53.4041629999999969
 20
-19.1012090000000008
 30
0
 11
53.4014199999999946
 21
-19.1034609999999994
 31
0
  0
LINE
  5
3CF
330
1B
100
AcDbEntity
  8
F.Silkscreen
  6
CONTINUOUS
100
AcDbLine
 10
53.4014199999999946
 20
-19.1034609999999994
 30
0
 11
53.3989819999999966
 21
-19.1044699999999992
 31
0
  0
LINE
  5
3D0
330
1B
100
AcDbEntity
  8
F.Silkscreen
  6
CONTINUOUS
100
AcDbLine
 10
53.3989819999999966
 20
-19.1044699999999992
 30
0
 11
53.3905839999999969
 21
-19.1097569999999983
 31
0
  0
LINE
  5
3D1
330
1B
100
AcDbEntity
  8
F.Silkscreen
  6
CONTINUOUS
100
AcDbLine
 10
53.3905839999999969
 20
-19.1097569999999983
 30
0
 11
53.2477269999999976
 21
-19.1811849999999993
 31
0
  0
LINE
  5
3D2
330
1B
100
AcDbEntity
  8
F.Silkscreen
  6
CONTINUOUS
100
AcDbLine
 10
53.2477269999999976
 20
-19.1811849999999993
 30
0
 11
53.229419
 21
-19.1881909999999998
 31
0
  0
LINE
  5
3D3
330
1B
100
AcDbEntity
  8
F.Silkscreen
  6
CONTINUOUS
100
AcDbLine
 10
53.229419
 20
-19.1881909999999998
 30
0
 11
53.2258349999999965
 21
-19.188444999999998
 31
0
  0
LINE
  5
3D4
330
1B
100
AcDbEntity
  8
F.Silkscreen
  6
CONTINUOUS
100
AcDbLine
 10
53.2258349999999965
 20
-19.188444999999998
 30
0
 11
53.2225149999999942
 21
-19.1898209999999985
 31
0
  0
LINE
  5
3D5
330
1B
100
AcDbEntity
  8
F.Silkscreen
  6
CONTINUOUS
100
AcDbLine
 10
53.2225149999999942
 20
-19.1898209999999985
 30
0
 11
53.2030059999999949
 21
-19.1917419999999979
 31
0
  0
LINE
  5
3D6
330
1B
100
AcDbEntity
  8
F.Silkscreen
  6
CONTINUOUS
100
AcDbLine
 10
53.2030059999999949
 20
-19.1917419999999979
 30
0
 11
53.1807850000000002
 21
-19.1917419999999979
 31
0
  0
LINE
  5
3D7
330
1B
100
AcDbEntity
  8
F.Silkscreen
  6
CONTINUOUS
100
AcDbLine
 10
53.1807850000000002
 20
-19.1917419999999979
 30
0
 11
53.5706429999999969
 21
-19.7486819999999987
 31
0
  0
LINE
  5
3D8
330
1B
100
AcDbEntity
  8
F.Silkscreen
  6
CONTINUOUS
100
AcDbLine
 10
53.5706429999999969
 20
-19.7486819999999987
 30
0
 11
53.580256999999996
 21
-19.7657659999999993
 31
0
  0
LINE
  5
3D9
330
1B
100
AcDbEntity
  8
F.Silkscreen
  6
CONTINUOUS
100
AcDbLine
 10
53.580256999999996
 20
-19.7657659999999993
 30
0
 11
53.5886959999999988
 21
-19.8038600000000002
 31
0
  0
LINE
  5
3DA
330
1B
100
AcDbEntity
  8
F.Silkscreen
  6
CONTINUOUS
100
AcDbLine
 10
53.5886959999999988
 20
-19.8038600000000002
 30
0
 11
53.5819159999999997
 21
-19.8422850000000004
 31
0
  0
LINE
  5
3DB
330
1B
100
AcDbEntity
  8
F.Silkscreen
  6
CONTINUOUS
100
AcDbLine
 10
53.5819159999999997
 20
-19.8422850000000004
 30
0
 11
53.5609469999999988
 21
-19.8751899999999999
 31
0
  0
LINE
  5
3DC
330
1B
100
AcDbEntity
  8
F.Silkscreen
  6
CONTINUOUS
100
AcDbLine
 10
53.5609469999999988
 20
-19.8751899999999999
 30
0
 11
53.5289819999999992
 21
-19.8975650000000002
 31
0
  0
LINE
  5
3DD
330
1B
100
AcDbEntity
  8
F.Silkscreen
  6
CONTINUOUS
100
AcDbLine
 10
53.5289819999999992
 20
-19.8975650000000002
 30
0
 11
53.4908879999999982
 21
-19.9060039999999994
 31
0
  0
LINE
  5
3DE
330
1B
100
AcDbEntity
  8
F.Silkscreen
  6
CONTINUOUS
100
AcDbLine
 10
53.4908879999999982
 20
-19.9060039999999994
 30
0
 11
53.4524629999999945
 21
-19.8992240000000002
 31
0
  0
LINE
  5
3DF
330
1B
100
AcDbEntity
  8
F.Silkscreen
  6
CONTINUOUS
100
AcDbLine
 10
53.4524629999999945
 20
-19.8992240000000002
 30
0
 11
53.419557999999995
 21
-19.8782549999999993
 31
0
  0
LINE
  5
3E0
330
1B
100
AcDbEntity
  8
F.Silkscreen
  6
CONTINUOUS
100
AcDbLine
 10
53.419557999999995
 20
-19.8782549999999993
 30
0
 11
53.4067969999999974
 21
-19.8633740000000003
 31
0
  0
LINE
  5
3E1
330
1B
100
AcDbEntity
  8
F.Silkscreen
  6
CONTINUOUS
100
AcDbLine
 10
53.4067969999999974
 20
-19.8633740000000003
 30
0
 11
52.9366549999999947
 21
-19.1917419999999979
 31
0
  0
LINE
  5
3E2
330
1B
100
AcDbEntity
  8
F.Silkscreen
  6
CONTINUOUS
100
AcDbLine
 10
52.9366549999999947
 20
-19.1917419999999979
 30
0
 11
52.7315769999999944
 21
-19.1917419999999979
 31
0
  0
LINE
  5
3E3
330
1B
100
AcDbEntity
  8
F.Silkscreen
  6
CONTINUOUS
100
AcDbLine
 10
52.7315769999999944
 20
-19.1917419999999979
 30
0
 11
52.7315769999999944
 21
-19.8060279999999977
 31
0
  0
LINE
  5
3E4
330
1B
100
AcDbEntity
  8
F.Silkscreen
  6
CONTINUOUS
100
AcDbLine
 10
52.7315769999999944
 20
-19.8060279999999977
 30
0
 11
52.7296559999999985
 21
-19.8255370000000006
 31
0
  0
LINE
  5
3E5
330
1B
100
AcDbEntity
  8
F.Silkscreen
  6
CONTINUOUS
100
AcDbLine
 10
52.7296559999999985
 20
-19.8255370000000006
 30
0
 11
52.7147239999999968
 21
-19.861584999999998
 31
0
  0
LINE
  5
3E6
330
1B
100
AcDbEntity
  8
F.Silkscreen
  6
CONTINUOUS
100
AcDbLine
 10
52.7147239999999968
 20
-19.861584999999998
 30
0
 11
52.6871340000000004
 21
-19.8891749999999981
 31
0
  0
LINE
  5
3E7
330
1B
100
AcDbEntity
  8
F.Silkscreen
  6
CONTINUOUS
100
AcDbLine
 10
52.6871340000000004
 20
-19.8891749999999981
 30
0
 11
52.6510859999999994
 21
-19.9041069999999998
 31
0
  0
LINE
  5
3E8
330
1B
100
AcDbEntity
  8
F.Silkscreen
  6
CONTINUOUS
100
AcDbLine
 10
52.6510859999999994
 20
-19.9041069999999998
 30
0
 11
52.6120680000000007
 21
-19.9041069999999998
 31
0
  0
LINE
  5
3E9
330
1B
100
AcDbEntity
  8
F.Silkscreen
  6
CONTINUOUS
100
AcDbLine
 10
52.6120680000000007
 20
-19.9041069999999998
 30
0
 11
52.5760199999999998
 21
-19.8891749999999981
 31
0
  0
LINE
  5
3EA
330
1B
100
AcDbEntity
  8
F.Silkscreen
  6
CONTINUOUS
100
AcDbLine
 10
52.5760199999999998
 20
-19.8891749999999981
 30
0
 11
52.5484299999999962
 21
-19.861584999999998
 31
0
  0
LINE
  5
3EB
330
1B
100
AcDbEntity
  8
F.Silkscreen
  6
CONTINUOUS
100
AcDbLine
 10
52.5484299999999962
 20
-19.861584999999998
 30
0
 11
52.5334979999999945
 21
-19.8255370000000006
 31
0
  0
LINE
  5
3EC
330
1B
100
AcDbEntity
  8
F.Silkscreen
  6
CONTINUOUS
100
AcDbLine
 10
52.5334979999999945
 20
-19.8255370000000006
 30
0
 11
52.5315769999999986
 21
-19.8060279999999977
 31
0
  0
LINE
  5
3ED
330
1B
100
AcDbEntity
  8
F.Silkscreen
  6
CONTINUOUS
100
AcDbLine
 10
52.5315769999999986
 20
-19.8060279999999977
 30
0
 11
52.5315769999999986
 21
-18.3060279999999977
 31
0
  0
LINE
  5
3EE
330
1B
100
AcDbEntity
  8
F.Silkscreen
  6
CONTINUOUS
100
AcDbLine
 10
52.5315769999999986
 20
-18.3060279999999977
 30
0
 11
52.5334979999999945
 21
-18.2865189999999984
 31
0
  0
LINE
  5
3EF
330
1B
100
AcDbEntity
  8
F.Silkscreen
  6
CONTINUOUS
100
AcDbLine
 10
52.5334979999999945
 20
-18.2865189999999984
 30
0
 11
52.5484299999999962
 21
-18.2504709999999974
 31
0
  0
LINE
  5
3F0
330
1B
100
AcDbEntity
  8
F.Silkscreen
  6
CONTINUOUS
100
AcDbLine
 10
52.5484299999999962
 20
-18.2504709999999974
 30
0
 11
52.5760199999999998
 21
-18.2228809999999974
 31
0
  0
LINE
  5
3F1
330
1B
100
AcDbEntity
  8
F.Silkscreen
  6
CONTINUOUS
100
AcDbLine
 10
52.5760199999999998
 20
-18.2228809999999974
 30
0
 11
52.6120680000000007
 21
-18.2079489999999993
 31
0
  0
LINE
  5
3F2
330
1B
100
AcDbEntity
  8
F.Silkscreen
  6
CONTINUOUS
100
AcDbLine
 10
52.6120680000000007
 20
-18.2079489999999993
 30
0
 11
52.6315770000000001
 21
-18.2060279999999999
 31
0
  0
LINE
  5
3F3
330
1B
100
AcDbEntity
  8
F.Silkscreen
  6
CONTINUOUS
100
AcDbLine
 10
52.6315770000000001
 20
-18.2060279999999999
 30
0
 11
53.2030059999999949
 21
-18.2060279999999999
 31
0
  0
LINE
  5
3F4
330
1B
100
AcDbEntity
  8
F.Silkscreen
  6
CONTINUOUS
100
AcDbLine
 10
53.2030059999999949
 20
-18.2060279999999999
 30
0
 11
53.2225149999999942
 21
-18.2079489999999993
 31
0
  0
LINE
  5
3F5
330
1B
100
AcDbEntity
  8
F.Silkscreen
  6
CONTINUOUS
100
AcDbLine
 10
52.7315769999999944
 20
-18.9917419999999986
 30
0
 11
53.1793989999999965
 21
-18.9917419999999986
 31
0
  0
LINE
  5
3F6
330
1B
100
AcDbEntity
  8
F.Silkscreen
  6
CONTINUOUS
100
AcDbLine
 10
53.1793989999999965
 20
-18.9917419999999986
 30
0
 11
53.2866259999999983
 21
-18.938127999999999
 31
0
  0
LINE
  5
3F7
330
1B
100
AcDbEntity
  8
F.Silkscreen
  6
CONTINUOUS
100
AcDbLine
 10
53.2866259999999983
 20
-18.938127999999999
 30
0
 11
53.3351059999999961
 21
-18.8896479999999976
 31
0
  0
LINE
  5
3F8
330
1B
100
AcDbEntity
  8
F.Silkscreen
  6
CONTINUOUS
100
AcDbLine
 10
53.3351059999999961
 20
-18.8896479999999976
 30
0
 11
53.3887199999999993
 21
-18.7824209999999994
 31
0
  0
LINE
  5
3F9
330
1B
100
AcDbEntity
  8
F.Silkscreen
  6
CONTINUOUS
100
AcDbLine
 10
53.3887199999999993
 20
-18.7824209999999994
 30
0
 11
53.3887199999999993
 21
-18.6153480000000009
 31
0
  0
LINE
  5
3FA
330
1B
100
AcDbEntity
  8
F.Silkscreen
  6
CONTINUOUS
100
AcDbLine
 10
53.3887199999999993
 20
-18.6153480000000009
 30
0
 11
53.3351059999999961
 21
-18.5081199999999981
 31
0
  0
LINE
  5
3FB
330
1B
100
AcDbEntity
  8
F.Silkscreen
  6
CONTINUOUS
100
AcDbLine
 10
53.3351059999999961
 20
-18.5081199999999981
 30
0
 11
53.2866289999999978
 21
-18.4596440000000008
 31
0
  0
LINE
  5
3FC
330
1B
100
AcDbEntity
  8
F.Silkscreen
  6
CONTINUOUS
100
AcDbLine
 10
53.2866289999999978
 20
-18.4596440000000008
 30
0
 11
53.1793979999999991
 21
-18.4060279999999992
 31
0
  0
LINE
  5
3FD
330
1B
100
AcDbEntity
  8
F.Silkscreen
  6
CONTINUOUS
100
AcDbLine
 10
53.1793979999999991
 20
-18.4060279999999992
 30
0
 11
52.7315769999999944
 21
-18.4060279999999992
 31
0
  0
LINE
  5
3FE
330
1B
100
AcDbEntity
  8
F.Silkscreen
  6
CONTINUOUS
100
AcDbLine
 10
52.7315769999999944
 20
-18.4060279999999992
 30
0
 11
52.7315769999999944
 21
-18.9917419999999986
 31
0
  0
LINE
  5
3FF
330
1B
100
AcDbEntity
  8
F.Silkscreen
  6
CONTINUOUS
100
AcDbLine
 10
51.972847999999999
 20
-18.2228809999999974
 30
0
 11
52.0004379999999955
 21
-18.2504709999999974
 31
0
  0
LINE
  5
400
330
1B
100
AcDbEntity
  8
F.Silkscreen
  6
CONTINUOUS
100
AcDbLine
 10
52.0004379999999955
 20
-18.2504709999999974
 30
0
 11
52.0153699999999972
 21
-18.2865189999999984
 31
0
  0
LINE
  5
401
330
1B
100
AcDbEntity
  8
F.Silkscreen
  6
CONTINUOUS
100
AcDbLine
 10
52.0153699999999972
 20
-18.2865189999999984
 30
0
 11
52.0172910000000002
 21
-18.3060279999999977
 31
0
  0
LINE
  5
402
330
1B
100
AcDbEntity
  8
F.Silkscreen
  6
CONTINUOUS
100
AcDbLine
 10
52.0172910000000002
 20
-18.3060279999999977
 30
0
 11
52.0172910000000002
 21
-19.8060279999999977
 31
0
  0
LINE
  5
403
330
1B
100
AcDbEntity
  8
F.Silkscreen
  6
CONTINUOUS
100
AcDbLine
 10
52.0172910000000002
 20
-19.8060279999999977
 30
0
 11
52.0153699999999972
 21
-19.8255370000000006
 31
0
  0
LINE
  5
404
330
1B
100
AcDbEntity
  8
F.Silkscreen
  6
CONTINUOUS
100
AcDbLine
 10
52.0153699999999972
 20
-19.8255370000000006
 30
0
 11
52.0004379999999955
 21
-19.861584999999998
 31
0
  0
LINE
  5
405
330
1B
100
AcDbEntity
  8
F.Silkscreen
  6
CONTINUOUS
100
AcDbLine
 10
52.0004379999999955
 20
-19.861584999999998
 30
0
 11
51.972847999999999
 21
-19.8891749999999981
 31
0
  0
LINE
  5
406
330
1B
100
AcDbEntity
  8
F.Silkscreen
  6
CONTINUOUS
100
AcDbLine
 10
51.972847999999999
 20
-19.8891749999999981
 30
0
 11
51.9367999999999981
 21
-19.9041069999999998
 31
0
  0
LINE
  5
407
330
1B
100
AcDbEntity
  8
F.Silkscreen
  6
CONTINUOUS
100
AcDbLine
 10
51.9367999999999981
 20
-19.9041069999999998
 30
0
 11
51.8977819999999994
 21
-19.9041069999999998
 31
0
  0
LINE
  5
408
330
1B
100
AcDbEntity
  8
F.Silkscreen
  6
CONTINUOUS
100
AcDbLine
 10
51.8977819999999994
 20
-19.9041069999999998
 30
0
 11
51.8617339999999984
 21
-19.8891749999999981
 31
0
  0
LINE
  5
409
330
1B
100
AcDbEntity
  8
F.Silkscreen
  6
CONTINUOUS
100
AcDbLine
 10
51.8617339999999984
 20
-19.8891749999999981
 30
0
 11
51.8341439999999949
 21
-19.861584999999998
 31
0
  0
LINE
  5
40A
330
1B
100
AcDbEntity
  8
F.Silkscreen
  6
CONTINUOUS
100
AcDbLine
 10
51.8341439999999949
 20
-19.861584999999998
 30
0
 11
51.8192120000000003
 21
-19.8255370000000006
 31
0
  0
LINE
  5
40B
330
1B
100
AcDbEntity
  8
F.Silkscreen
  6
CONTINUOUS
100
AcDbLine
 10
51.8192120000000003
 20
-19.8255370000000006
 30
0
 11
51.8172909999999973
 21
-19.8060279999999977
 31
0
  0
LINE
  5
40C
330
1B
100
AcDbEntity
  8
F.Silkscreen
  6
CONTINUOUS
100
AcDbLine
 10
51.8172909999999973
 20
-19.8060279999999977
 30
0
 11
51.8172909999999973
 21
-18.3060279999999977
 31
0
  0
LINE
  5
40D
330
1B
100
AcDbEntity
  8
F.Silkscreen
  6
CONTINUOUS
100
AcDbLine
 10
51.8172909999999973
 20
-18.3060279999999977
 30
0
 11
51.8192120000000003
 21
-18.2865189999999984
 31
0
  0
LINE
  5
40E
330
1B
100
AcDbEntity
  8
F.Silkscreen
  6
CONTINUOUS
100
AcDbLine
 10
51.8192120000000003
 20
-18.2865189999999984
 30
0
 11
51.8341439999999949
 21
-18.2504709999999974
 31
0
  0
LINE
  5
40F
330
1B
100
AcDbEntity
  8
F.Silkscreen
  6
CONTINUOUS
100
AcDbLine
 10
51.8341439999999949
 20
-18.2504709999999974
 30
0
 11
51.8617339999999984
 21
-18.2228809999999974
 31
0
  0
LINE
  5
410
330
1B
100
AcDbEntity
  8
F.Silkscreen
  6
CONTINUOUS
100
AcDbLine
 10
51.8617339999999984
 20
-18.2228809999999974
 30
0
 11
51.8977819999999994
 21
-18.2079489999999993
 31
0
  0
LINE
  5
411
330
1B
100
AcDbEntity
  8
F.Silkscreen
  6
CONTINUOUS
100
AcDbLine
 10
51.8977819999999994
 20
-18.2079489999999993
 30
0
 11
51.9367999999999981
 21
-18.2079489999999993
 31
0
  0
LINE
  5
412
330
1B
100
AcDbEntity
  8
F.Silkscreen
  6
CONTINUOUS
100
AcDbLine
 10
51.9367999999999981
 20
-18.2079489999999993
 30
0
 11
51.972847999999999
 21
-18.2228809999999974
 31
0
  0
LINE
  5
413
330
1B
100
AcDbEntity
  8
F.Silkscreen
  6
CONTINUOUS
100
AcDbLine
 10
58.2997269999999972
 20
-19.5674880000000009
 30
0
 11
58.3299909999999997
 21
-19.5800230000000006
 31
0
  0
LINE
  5
414
330
1B
100
AcDbEntity
  8
F.Silkscreen
  6
CONTINUOUS
100
AcDbLine
 10
58.3299909999999997
 20
-19.5800230000000006
 30
0
 11
58.3299959999999942
 21
-19.5800279999999987
 31
0
  0
LINE
  5
415
330
1B
100
AcDbEntity
  8
F.Silkscreen
  6
CONTINUOUS
100
AcDbLine
 10
58.3299959999999942
 20
-19.5800279999999987
 30
0
 11
58.3451449999999952
 21
-19.5924599999999991
 31
0
  0
LINE
  5
416
330
1B
100
AcDbEntity
  8
F.Silkscreen
  6
CONTINUOUS
100
AcDbLine
 10
58.3451449999999952
 20
-19.5924599999999991
 30
0
 11
58.4165739999999971
 21
-19.6638889999999975
 31
0
  0
LINE
  5
417
330
1B
100
AcDbEntity
  8
F.Silkscreen
  6
CONTINUOUS
100
AcDbLine
 10
58.4165739999999971
 20
-19.6638889999999975
 30
0
 11
58.4290049999999965
 21
-19.6790369999999974
 31
0
  0
LINE
  5
418
330
1B
100
AcDbEntity
  8
F.Silkscreen
  6
CONTINUOUS
100
AcDbLine
 10
58.4290049999999965
 20
-19.6790369999999974
 30
0
 11
58.4290109999999956
 21
-19.6790430000000001
 31
0
  0
LINE
  5
419
330
1B
100
AcDbEntity
  8
F.Silkscreen
  6
CONTINUOUS
100
AcDbLine
 10
58.4290109999999956
 20
-19.6790430000000001
 30
0
 11
58.4395679999999942
 21
-19.7045329999999979
 31
0
  0
LINE
  5
41A
330
1B
100
AcDbEntity
  8
F.Silkscreen
  6
CONTINUOUS
100
AcDbLine
 10
58.4395679999999942
 20
-19.7045329999999979
 30
0
 11
58.4439419999999998
 21
-19.7150909999999975
 31
0
  0
LINE
  5
41B
330
1B
100
AcDbEntity
  8
F.Silkscreen
  6
CONTINUOUS
100
AcDbLine
 10
58.4439419999999998
 20
-19.7150909999999975
 30
0
 11
58.4439419999999998
 21
-19.7541089999999997
 31
0
  0
LINE
  5
41C
330
1B
100
AcDbEntity
  8
F.Silkscreen
  6
CONTINUOUS
100
AcDbLine
 10
58.4439419999999998
 20
-19.7541089999999997
 30
0
 11
58.4351939999999956
 21
-19.775226
 31
0
  0
LINE
  5
41D
330
1B
100
AcDbEntity
  8
F.Silkscreen
  6
CONTINUOUS
100
AcDbLine
 10
58.4351939999999956
 20
-19.775226
 30
0
 11
58.4290099999999981
 21
-19.7901579999999981
 31
0
  0
LINE
  5
41E
330
1B
100
AcDbEntity
  8
F.Silkscreen
  6
CONTINUOUS
100
AcDbLine
 10
58.4290099999999981
 20
-19.7901579999999981
 30
0
 11
58.4165729999999996
 21
-19.8053109999999997
 31
0
  0
LINE
  5
41F
330
1B
100
AcDbEntity
  8
F.Silkscreen
  6
CONTINUOUS
100
AcDbLine
 10
58.4165729999999996
 20
-19.8053109999999997
 30
0
 11
58.3451439999999977
 21
-19.8767390000000006
 31
0
  0
LINE
  5
420
330
1B
100
AcDbEntity
  8
F.Silkscreen
  6
CONTINUOUS
100
AcDbLine
 10
58.3451439999999977
 20
-19.8767390000000006
 30
0
 11
58.3299909999999997
 21
-19.8891759999999991
 31
0
  0
LINE
  5
421
330
1B
100
AcDbEntity
  8
F.Silkscreen
  6
CONTINUOUS
100
AcDbLine
 10
58.3299909999999997
 20
-19.8891759999999991
 30
0
 11
58.3057309999999944
 21
-19.8992240000000002
 31
0
  0
LINE
  5
422
330
1B
100
AcDbEntity
  8
F.Silkscreen
  6
CONTINUOUS
100
AcDbLine
 10
58.3057309999999944
 20
-19.8992240000000002
 30
0
 11
58.2939429999999987
 21
-19.9041069999999998
 31
0
  0
LINE
  5
423
330
1B
100
AcDbEntity
  8
F.Silkscreen
  6
CONTINUOUS
100
AcDbLine
 10
58.2939429999999987
 20
-19.9041069999999998
 30
0
 11
58.2939419999999942
 21
-19.9041069999999998
 31
0
  0
LINE
  5
424
330
1B
100
AcDbEntity
  8
F.Silkscreen
  6
CONTINUOUS
100
AcDbLine
 10
58.2939419999999942
 20
-19.9041069999999998
 30
0
 11
58.2549250000000001
 21
-19.9041069999999998
 31
0
  0
LINE
  5
425
330
1B
100
AcDbEntity
  8
F.Silkscreen
  6
CONTINUOUS
100
AcDbLine
 10
58.2549250000000001
 20
-19.9041069999999998
 30
0
 11
58.2278789999999944
 21
-19.8929039999999979
 31
0
  0
LINE
  5
426
330
1B
100
AcDbEntity
  8
F.Silkscreen
  6
CONTINUOUS
100
AcDbLine
 10
58.2278789999999944
 20
-19.8929039999999979
 30
0
 11
58.2188759999999945
 21
-19.8891749999999981
 31
0
  0
LINE
  5
427
330
1B
100
AcDbEntity
  8
F.Silkscreen
  6
CONTINUOUS
100
AcDbLine
 10
58.2188759999999945
 20
-19.8891749999999981
 30
0
 11
58.2037229999999965
 21
-19.8767379999999996
 31
0
  0
LINE
  5
428
330
1B
100
AcDbEntity
  8
F.Silkscreen
  6
CONTINUOUS
100
AcDbLine
 10
58.2037229999999965
 20
-19.8767379999999996
 30
0
 11
58.1322949999999992
 21
-19.8053109999999997
 31
0
  0
LINE
  5
429
330
1B
100
AcDbEntity
  8
F.Silkscreen
  6
CONTINUOUS
100
AcDbLine
 10
58.1322949999999992
 20
-19.8053109999999997
 30
0
 11
58.1198629999999952
 21
-19.7901619999999987
 31
0
  0
LINE
  5
42A
330
1B
100
AcDbEntity
  8
F.Silkscreen
  6
CONTINUOUS
100
AcDbLine
 10
58.1198629999999952
 20
-19.7901619999999987
 30
0
 11
58.1198589999999982
 21
-19.7901579999999981
 31
0
  0
LINE
  5
42B
330
1B
100
AcDbEntity
  8
F.Silkscreen
  6
CONTINUOUS
100
AcDbLine
 10
58.1198589999999982
 20
-19.7901579999999981
 30
0
 11
58.1136739999999961
 21
-19.775226
 31
0
  0
LINE
  5
42C
330
1B
100
AcDbEntity
  8
F.Silkscreen
  6
CONTINUOUS
100
AcDbLine
 10
58.1136739999999961
 20
-19.775226
 30
0
 11
58.1049269999999964
 21
-19.7541089999999997
 31
0
  0
LINE
  5
42D
330
1B
100
AcDbEntity
  8
F.Silkscreen
  6
CONTINUOUS
100
AcDbLine
 10
58.1049269999999964
 20
-19.7541089999999997
 30
0
 11
58.1049269999999964
 21
-19.7150909999999975
 31
0
  0
LINE
  5
42E
330
1B
100
AcDbEntity
  8
F.Silkscreen
  6
CONTINUOUS
100
AcDbLine
 10
58.1049269999999964
 20
-19.7150909999999975
 30
0
 11
58.1092999999999975
 21
-19.7045329999999979
 31
0
  0
LINE
  5
42F
330
1B
100
AcDbEntity
  8
F.Silkscreen
  6
CONTINUOUS
100
AcDbLine
 10
58.1092999999999975
 20
-19.7045329999999979
 30
0
 11
58.1198580000000007
 21
-19.6790430000000001
 31
0
  0
LINE
  5
430
330
1B
100
AcDbEntity
  8
F.Silkscreen
  6
CONTINUOUS
100
AcDbLine
 10
58.1198580000000007
 20
-19.6790430000000001
 30
0
 11
58.1322949999999992
 21
-19.6638899999999985
 31
0
  0
LINE
  5
431
330
1B
100
AcDbEntity
  8
F.Silkscreen
  6
CONTINUOUS
100
AcDbLine
 10
58.1322949999999992
 20
-19.6638899999999985
 30
0
 11
58.2037229999999965
 21
-19.5924610000000001
 31
0
  0
LINE
  5
432
330
1B
100
AcDbEntity
  8
F.Silkscreen
  6
CONTINUOUS
100
AcDbLine
 10
58.2037229999999965
 20
-19.5924610000000001
 30
0
 11
58.2188759999999945
 21
-19.5800239999999981
 31
0
  0
LINE
  5
433
330
1B
100
AcDbEntity
  8
F.Silkscreen
  6
CONTINUOUS
100
AcDbLine
 10
58.2188759999999945
 20
-19.5800239999999981
 30
0
 11
58.2376859999999965
 21
-19.5722330000000007
 31
0
  0
LINE
  5
434
330
1B
100
AcDbEntity
  8
F.Silkscreen
  6
CONTINUOUS
100
AcDbLine
 10
58.2376859999999965
 20
-19.5722330000000007
 30
0
 11
58.2549250000000001
 21
-19.5650919999999999
 31
0
  0
LINE
  5
435
330
1B
100
AcDbEntity
  8
F.Silkscreen
  6
CONTINUOUS
100
AcDbLine
 10
58.2549250000000001
 20
-19.5650919999999999
 30
0
 11
58.2939429999999987
 21
-19.5650919999999999
 31
0
  0
LINE
  5
436
330
1B
100
AcDbEntity
  8
F.Silkscreen
  6
CONTINUOUS
100
AcDbLine
 10
58.2939429999999987
 20
-19.5650919999999999
 30
0
 11
58.2997269999999972
 21
-19.5674880000000009
 31
0
  0
CIRCLE
  5
437
330
1B
100
AcDbEntity
  8
F.Silkscreen
100
AcDbCircle
 10
46.
 20
-30.
 30
0
 40
0.6
  0
CIRCLE
  5
438
330
1B
100
AcDbEntity
  8
F.Silkscreen
100
AcDbCircle
 10
60.
 20
-30.
 30
0
 40
0.5
  0
CIRCLE
  5
439
330
1B
100
AcDbEntity
  8
F.Silkscreen
100
AcDbCircle
 10
60.
 20
-27.4599999999999973
 30
0
 40
0.4
  0
LINE
  5
43A
330
1B
100
AcDbEntity
  8
F.Silkscreen
  6
CONTINUOUS
100
AcDbLine
 10
59.5
 20
-22.9800000000000004
 30
0
 11
60.5
 21
-22.9800000000000004
 31
0
  0
ARC
  5
43B
330
1B
100
AcDbEntity
  8
F.Silkscreen
100
AcDbCircle
 10
60.5
 20
-22.379999999999999
 30
0
 40
0.6
100
AcDbArc
 50
-90.00000000
 51
90.00000000
  0
LINE
  5
43C
330
1B
100
AcDbEntity
  8
F.Silkscreen
  6
CONTINUOUS
100
AcDbLine
 10
60.5
 20
-21.7799999999999976
 30
0
 11
59.5
 21
-21.7799999999999976
 31
0
  0
ARC
  5
43D
330
1B
100
AcDbEntity
  8
F.Silkscreen
100
AcDbCircle
 10
59.5
 20
-22.379999999999999
 30
0
 40
0.6
100
AcDbArc
 50
90.00000000
 51
270.00000000
  0
LINE
  5
43E
330
1B
100
AcDbEntity
  8
F.Silkscreen
  6
CONTINUOUS
100
AcDbLine
 10
59.8669869999999946
 20
-20.609614999999998
 30
0
 11
60.7330129999999997
 21
-20.109614999999998
 31
0
  0
ARC
  5
43F
330
1B
100
AcDbEntity
  8
F.Silkscreen
100
AcDbCircle
 10
60.4330129999999954
 20
-19.5899999999999999
 30
0
 40
0.6
100
AcDbArc
 50
-60.00000000
 51
120.00000000
  0
LINE
  5
440
330
1B
100
AcDbEntity
  8
F.Silkscreen
  6
CONTINUOUS
100
AcDbLine
 10
60.1330129999999983
 20
-19.0703849999999981
 30
0
 11
59.2669870000000003
 21
-19.5703849999999981
 31
0
  0
ARC
  5
441
330
1B
100
AcDbEntity
  8
F.Silkscreen
100
AcDbCircle
 10
59.5669869999999975
 20
-20.0899999999999999
 30
0
 40
0.6
100
AcDbArc
 50
120.00000000
 51
300.00000000
  0
CIRCLE
  5
442
330
1B
100
AcDbEntity
  8
F.Silkscreen
100
AcDbCircle
 10
60.
 20
-24.9199999999999982
 30
0
 40
0.5
  0
CIRCLE
  5
443
330
1B
100
AcDbEntity
  8
F.Silkscreen
100
AcDbCircle
 10
46.
 20
-30.
 30
0
 40
0.5999989999999999
  0
CIRCLE
  5
444
330
1B
100
AcDbEntity
  8
F.Silkscreen
100
AcDbCircle
 10
60.
 20
-30.
 30
0
 40
0.5
  0
CIRCLE
  5
445
330
1B
100
AcDbEntity
  8
F.Silkscreen
100
AcDbCircle
 10
60.
 20
-27.4599999999999973
 30
0
 40
0.4
  0
LINE
  5
446
330
1B
100
AcDbEntity
  8
F.Silkscreen
  6
CONTINUOUS
100
AcDbLine
 10
59.5999999999999943
 20
-22.6799999999999997
 30
0
 11
60.3999999999999986
 21
-22.6799999999999997
 31
0
  0
ARC
  5
447
330
1B
100
AcDbEntity
  8
F.Silkscreen
100
AcDbCircle
 10
60.3999999999999986
 20
-22.379999999999999
 30
0
 40
0.3
100
AcDbArc
 50
-90.00000000
 51
90.00000000
  0
LINE
  5
448
330
1B
100
AcDbEntity
  8
F.Silkscreen
  6
CONTINUOUS
100
AcDbLine
 10
60.3999999999999986
 20
-22.0799999999999983
 30
0
 11
59.5999999999999943
 21
-22.0799999999999983
 31
0
  0
ARC
  5
449
330
1B
100
AcDbEntity
  8
F.Silkscreen
100
AcDbCircle
 10
59.5999999999999943
 20
-22.379999999999999
 30
0
 40
0.3
100
AcDbArc
 50
90.00000000
 51
270.00000000
  0
LINE
  5
44A
330
1B
100
AcDbEntity
  8
F.Silkscreen
  6
CONTINUOUS
100
AcDbLine
 10
59.8035899999999998
 20
-20.2998079999999987
 30
0
 11
60.4964099999999974
 21
-19.8998080000000002
 31
0
  0
ARC
  5
44B
330
1B
100
AcDbEntity
  8
F.Silkscreen
100
AcDbCircle
 10
60.3464099999999988
 20
-19.6400000000000006
 30
0
 40
0.3
100
AcDbArc
 50
-60.00000000
 51
120.00000000
  0
LINE
  5
44C
330
1B
100
AcDbEntity
  8
F.Silkscreen
  6
CONTINUOUS
100
AcDbLine
 10
60.1964100000000002
 20
-19.3801919999999974
 30
0
 11
59.5035899999999955
 21
-19.7801919999999996
 31
0
  0
ARC
  5
44D
330
1B
100
AcDbEntity
  8
F.Silkscreen
100
AcDbCircle
 10
59.6535899999999941
 20
-20.0399999999999991
 30
0
 40
0.3
100
AcDbArc
 50
120.00000000
 51
300.00000000
  0
CIRCLE
  5
44E
330
1B
100
AcDbEntity
  8
F.Silkscreen
100
AcDbCircle
 10
60.
 20
-24.9199999999999982
 30
0
 40
0.5
  0
ENDSEC
  0
SECTION
  2
OBJECTS
  0
DICTIONARY
  5
21
330
0
100
AcDbDictionary
281
1
  3
ACAD_GROUP
350
44F
  3
ACAD_LAYOUT
350
22
  3
ACAD_PLOTSTYLENAME
350
11
  0
DICTIONARY
  5
44F
330
21
100
AcDbDictionary
281
1
  0
ACDBDICTIONARYWDFLT
  5
11
330
21
100
AcDbDictionary
281
1
  3
Normal
350
10
100
AcDbDictionaryWithDefault
340
10
  0
ACDBPLACEHOLDER
  5
10
330
11
  0
DICTIONARY
  5
22
330
21
100
AcDbDictionary
281
1
  3
Model
350
1E
  3
Layout1
350
1F
  3
Layout2
350
20
  0
LAYOUT
  5
1E
330
22
100
AcDbPlotSettings
  1

  2
none_device
  4
A3
  6

 40
0.0
 41
0.0
 42
0.0
 43
0.0
 44
420.0
 45
297.0
 46
0.0
 47
0.0
 48
0.0
 49
0.0
140
0.0
141
0.0
142
1.0
143
1.0
 70
1024
 72
1
 73
0
 74
5
  7

 75
16
 76
0
 77
2
 78
300
147
1.0
148
0.0
149
0.0
100
AcDbLayout
  1
Model
 70
1
 71
0
 10
0.0
 20
0.0
 11
420.0
 21
297.0
 12
0.0
 22
0.0
 32
0.0
 14
1e+20
 24
1e+20
 34
1e+20
 15
-1e+20
 25
-1e+20
 35
-1e+20
146
0.0
 13
0.0
 23
0.0
 33
0.0
 16
1.0
 26
0.0
 36
0.0
 17
0.0
 27
1.0
 37
0.0
 76
0
330
1B
  0
LAYOUT
  5
1F
330
22
100
AcDbPlotSettings
  1

  2
none_device
  4
A3
  6

 40
0.0
 41
0.0
 42
0.0
 43
0.0
 44
420.0
 45
297.0
 46
0.0
 47
0.0
 48
0.0
 49
0.0
140
0.0
141
0.0
142
1.0
143
1.0
 70
0
 72
1
 73
0
 74
5
  7

 75
16
 76
0
 77
2
 78
300
147
1.0
148
0.0
149
0.0
100
AcDbLayout
  1
Layout1
 70
1
 71
1
 10
0.0
 20
0.0
 11
420.0
 21
297.0
 12
0.0
 22
0.0
 32
0.0
 14
1e+20
 24
1e+20
 34
1e+20
 15
-1e+20
 25
-1e+20
 35
-1e+20
146
0.0
 13
0.0
 23
0.0
 33
0.0
 16
1.0
 26
0.0
 36
0.0
 17
0.0
 27
1.0
 37
0.0
 76
0
330
1C
  0
LAYOUT
  5
20
330
22
100
AcDbPlotSettings
  1

  2
none_device
  4
A3
  6

 40
0.0
 41
0.0
 42
0.0
 43
0.0
 44
420.0
 45
297.0
 46
0.0
 47
0.0
 48
0.0
 49
0.0
140
0.0
141
0.0
142
1.0
143
1.0
 70
0
 72
1
 73
0
 74
5
  7

 75
16
 76
0
 77
2
 78
300
147
1.0
148
0.0
149
0.0
100
AcDbLayout
  1
Layout2
 70
1
 71
2
 10
0.0
 20
0.0
 11
420.0
 21
297.0
 12
0.0
 22
0.0
 32
0.0
 14
1e+20
 24
1e+20
 34
1e+20
 15
-1e+20
 25
-1e+20
 35
-1e+20
146
0.0
 13
0.0
 23
0.0
 33
0.0
 16
1.0
 26
0.0
 36
0.0
 17
0.0
 27
1.0
 37
0.0
 76
0
330
1D
  0
ENDSEC
  0
EOF
